Shovel,Cod,Sumvol,Start,End,Time_span,Performance,Date,Shovel_Type
CAT 320-1,10CAT1,105,2024-03-30 15:08:02.000000000,2024-03-30 15:45:41,0 days 00:37:39,167.33067729083666,2024-03-30,CAT 320
CAT 320-1,11CAT1,30,2024-04-04 20:59:52.000000000,2024-04-04 21:08:41,0 days 00:08:49,204.15879017013233,2024-04-04,CAT 320
CAT 320-1,12CAT1,85,2024-04-16 09:07:23.000000000,2024-04-16 09:31:57,0 days 00:24:34,207.59837177747625,2024-04-16,CAT 320
CAT 320-1,13CAT1,286,2024-04-22 13:40:00.000000000,2024-04-22 15:34:00,0 days 01:54:00,150.52631578947367,2024-04-22,CAT 320
CAT 320-1,14CAT1,15,2024-04-27 15:10:59.000000000,2024-04-27 15:17:03,0 days 00:06:04,148.35164835164835,2024-04-27,CAT 320
CAT 320-1,15CAT1,60,2024-05-03 07:56:24.000000000,2024-05-03 08:19:41,0 days 00:23:17,154.61703650680028,2024-05-03,CAT 320
CAT 320-1,16CAT1,75,2024-06-18 08:33:31.000000000,2024-06-18 09:06:52,0 days 00:33:21,134.93253373313343,2024-06-18,CAT 320
CAT 320-1,17CAT1,24,2024-08-29 16:14:02.000000000,2024-08-29 16:18:20,0 days 00:04:18,334.8837209302326,2024-08-29,CAT 320
CAT 320-1,1CAT1,207,2024-02-26 13:51:53.000000000,2024-02-26 14:58:11,0 days 01:06:18,187.33031674208144,2024-02-26,CAT 320
CAT 320-1,2CAT1,105,2024-02-27 08:05:28.000000000,2024-02-27 09:00:36,0 days 00:55:08,114.26844014510279,2024-02-27,CAT 320
CAT 320-1,3CAT1,175,2024-02-27 16:11:04.000000000,2024-02-27 17:03:18,0 days 00:52:14,201.02105934907468,2024-02-27,CAT 320
CAT 320-1,4CAT1,219,2024-02-28 10:28:40.000000000,2024-02-28 11:40:33,0 days 01:11:53,182.79619754231393,2024-02-28,CAT 320
CAT 320-1,5CAT1,30,2024-02-29 14:57:55.000000000,2024-02-29 15:08:15,0 days 00:10:20,174.19354838709677,2024-02-29,CAT 320
CAT 320-1,6CAT1,157,2024-03-01 13:52:57.000000000,2024-03-01 14:46:37,0 days 00:53:40,175.527950310559,2024-03-01,CAT 320
CAT 320-1,7CAT1,207,2024-03-11 10:23:01.000000000,2024-03-11 11:38:01,0 days 01:15:00,165.6,2024-03-11,CAT 320
CAT 320-1,8CAT1,24,2024-03-12 10:24:40.000000000,2024-03-12 10:27:31,0 days 00:02:51,505.2631578947368,2024-03-12,CAT 320
CAT 320-1,9CAT1,144,2024-03-13 14:29:48.000000000,2024-03-13 15:13:18,0 days 00:43:30,198.6206896551724,2024-03-13,CAT 320
CAT 320-2,1CAT2,207,2024-02-25 08:12:51.000000000,2024-02-25 09:23:39,0 days 01:10:48,175.42372881355934,2024-02-25,CAT 320
CAT 320-2,2CAT2,15,2024-02-27 09:00:58.000000000,2024-02-27 09:10:49,0 days 00:09:51,91.37055837563452,2024-02-27,CAT 320
CAT 320-2,3CAT2,153,2024-02-28 20:07:03.000000000,2024-02-28 21:03:44,0 days 00:56:41,161.9523669508968,2024-02-28,CAT 320
CAT 320-2,4CAT2,55,2024-04-22 14:28:00.000000000,2024-04-22 15:00:00,0 days 00:32:00,103.125,2024-04-22,CAT 320
CAT 320-2,5CAT2,69,2024-08-05 08:51:50.000000000,2024-08-05 09:21:56,0 days 00:30:06,137.54152823920265,2024-08-05,CAT 320
CAT 320-2,6CAT2,48,2024-08-29 15:29:28.000000000,2024-08-29 16:05:36,0 days 00:36:08,79.70479704797047,2024-08-29,CAT 320
CAT 320-2,7CAT2,30,2024-10-17 10:00:35.000000000,2024-10-17 10:37:26,0 days 00:36:51,48.846675712347356,2024-10-17,CAT 320
CAT 336-3,10CAT3,117,2024-05-07 14:11:28.000000000,2024-05-07 14:33:30,0 days 00:22:02,318.6081694402421,2024-05-07,CAT 336
CAT 336-3,11CAT3,222,2024-05-08 09:14:43.000000000,2024-05-08 10:13:01,0 days 00:58:18,228.47341337907375,2024-05-08,CAT 336
CAT 336-3,12CAT3,57,2024-05-08 13:36:30.000000000,2024-05-08 13:52:28,0 days 00:15:58,214.19624217118997,2024-05-08,CAT 336
CAT 336-3,13CAT3,213,2024-05-08 16:26:49.000000000,2024-05-08 17:13:10,0 days 00:46:21,275.7281553398058,2024-05-08,CAT 336
CAT 336-3,14CAT3,54,2024-05-09 10:28:54.000000000,2024-05-09 10:40:30,0 days 00:11:36,279.3103448275862,2024-05-09,CAT 336
CAT 336-3,15CAT3,72,2024-05-10 13:40:50.000000000,2024-05-10 13:59:16,0 days 00:18:26,234.35804701627487,2024-05-10,CAT 336
CAT 336-3,16CAT3,153,2024-05-10 16:30:53.000000000,2024-05-10 17:09:55,0 days 00:39:02,235.18360375747224,2024-05-10,CAT 336
CAT 336-3,17CAT3,255,2024-05-11 07:48:06.000000000,2024-05-11 09:50:51,0 days 02:02:45,124.64358452138492,2024-05-11,CAT 336
CAT 336-3,18CAT3,138,2024-05-13 09:08:10.000000000,2024-05-13 09:52:45,0 days 00:44:35,185.7196261682243,2024-05-13,CAT 336
CAT 336-3,19CAT3,303,2024-05-14 09:57:55.000000000,2024-05-14 11:03:24,0 days 01:05:29,277.6278951387121,2024-05-14,CAT 336
CAT 336-3,20CAT3,66,2024-05-17 14:19:47.000000000,2024-05-17 14:36:05,0 days 00:16:18,242.94478527607362,2024-05-17,CAT 336
CAT 336-3,21CAT3,108,2024-05-18 07:44:56.000000000,2024-05-18 08:25:01,0 days 00:40:05,161.66320166320168,2024-05-18,CAT 336
CAT 336-3,22CAT3,105,2024-05-18 13:34:04.000000000,2024-05-18 13:56:54,0 days 00:22:50,275.9124087591241,2024-05-18,CAT 336
CAT 336-3,23CAT3,1386,2024-05-31 08:44:00.000000000,2024-05-31 16:10:00,0 days 07:26:00,186.457399103139,2024-05-31,CAT 336
CAT 336-3,24CAT3,276,2024-06-18 08:13:34.000000000,2024-06-18 09:19:04,0 days 01:05:30,252.82442748091603,2024-06-18,CAT 336
CAT 336-3,25CAT3,358,2024-06-20 08:34:47.000000000,2024-06-20 10:01:20,0 days 01:26:33,248.18024263431542,2024-06-20,CAT 336
CAT 336-3,26CAT3,184,2024-08-02 08:10:51.000000000,2024-08-02 09:15:50,0 days 01:04:59,169.88971531161837,2024-08-02,CAT 336
CAT 336-3,27CAT3,310,2024-08-02 13:27:22.000000000,2024-08-02 15:14:20,0 days 01:46:58,173.88594577750078,2024-08-02,CAT 336
CAT 336-3,28CAT3,358,2024-08-03 07:29:59.000000000,2024-08-03 09:00:15,0 days 01:30:16,237.9615952732644,2024-08-03,CAT 336
CAT 336-3,29CAT3,169,2024-08-03 13:24:57.000000000,2024-08-03 14:57:10,0 days 01:32:13,109.95843123079703,2024-08-03,CAT 336
CAT 336-3,2CAT3,283,2024-04-15 13:41:08.000000000,2024-04-15 14:22:14,0 days 00:41:06,413.13868613138686,2024-04-15,CAT 336
CAT 336-3,30CAT3,298,2024-08-04 08:06:54.000000000,2024-08-04 10:14:00,0 days 02:07:06,140.67663257277735,2024-08-04,CAT 336
CAT 336-3,31CAT3,193,2024-08-05 08:46:25.000000000,2024-08-05 10:02:49,0 days 01:16:24,151.57068062827224,2024-08-05,CAT 336
CAT 336-3,32CAT3,190,2024-08-10 07:07:58.000000000,2024-08-10 08:40:43,0 days 01:32:45,122.911051212938,2024-08-10,CAT 336
CAT 336-3,33CAT3,90,2024-08-13 13:24:08.000000000,2024-08-13 13:52:20,0 days 00:28:12,191.48936170212767,2024-08-13,CAT 336
CAT 336-3,34CAT3,454,2024-08-25 07:54:21.000000000,2024-08-25 11:38:19,0 days 03:43:58,121.62524185146599,2024-08-25,CAT 336
CAT 336-3,35CAT3,244,2024-08-27 14:38:54.000000000,2024-08-27 16:54:06,0 days 02:15:12,108.28402366863905,2024-08-27,CAT 336
CAT 336-3,36CAT3,288,2024-08-29 14:40:14.000000000,2024-08-29 16:29:58,0 days 01:49:44,157.4726609963548,2024-08-29,CAT 336
CAT 336-3,3CAT3,15,2024-04-16 09:21:45.000000000,2024-04-16 09:25:03,0 days 00:03:18,272.72727272727275,2024-04-16,CAT 336
CAT 336-3,4CAT3,159,2024-04-25 08:32:40.000000000,2024-04-25 09:27:08,0 days 00:54:28,175.15299877600978,2024-04-25,CAT 336
CAT 336-3,5CAT3,51,2024-04-26 08:46:04.000000000,2024-04-26 08:52:51,0 days 00:06:47,451.10565110565113,2024-04-26,CAT 336
CAT 336-3,6CAT3,66,2024-04-26 13:46:24.000000000,2024-04-26 14:01:43,0 days 00:15:19,258.5418933623504,2024-04-26,CAT 336
CAT 336-3,7CAT3,147,2024-04-27 14:49:02.000000000,2024-04-27 16:04:19,0 days 01:15:17,117.1574053575382,2024-04-27,CAT 336
CAT 336-3,8CAT3,141,2024-05-03 07:44:00.000000000,2024-05-03 08:39:49,0 days 00:55:49,151.56763212899372,2024-05-03,CAT 336
CAT 336-3,9CAT3,135,2024-05-07 08:05:08.000000000,2024-05-07 08:41:50,0 days 00:36:42,220.70844686648502,2024-05-07,CAT 336
CAT 336-8,1CAT8,334,2024-08-10 07:05:58.000000000,2024-08-10 08:36:43,0 days 01:30:45,220.82644628099175,2024-08-10,CAT 336
CAT 336-8,2CAT8,24,2024-08-13 13:10:21.000000000,2024-08-13 13:14:07,0 days 00:03:46,382.3008849557522,2024-08-13,CAT 336
CAT 336-8,3CAT8,443,2024-08-17 13:15:29.000000000,2024-08-17 14:42:29,0 days 01:27:00,305.51724137931035,2024-08-17,CAT 336
CAT 336-8,4CAT8,345,2024-08-27 14:38:53.000000000,2024-08-27 16:49:15,0 days 02:10:22,158.7829199693173,2024-08-27,CAT 336
CAT 336-8,5CAT8,291,2024-08-29 14:36:23.000000000,2024-08-29 16:35:06,0 days 01:58:43,147.07286255791098,2024-08-29,CAT 336
CAT 336-8,6CAT8,303,2024-10-17 09:25:52.000000000,2024-10-17 10:43:03,0 days 01:17:11,235.54307924854243,2024-10-17,CAT 336
CAT 349-6,10CAT6,334,2024-02-28 20:04:41.000000000,2024-02-28 21:02:32,0 days 00:57:51,346.41313742437336,2024-02-28,CAT 349
CAT 349-6,11CAT6,160,2024-02-29 20:39:57.000000000,2024-02-29 21:33:19,0 days 00:53:22,179.88757026858212,2024-02-29,CAT 349
CAT 349-6,12CAT6,87,2024-03-01 10:22:02.000000000,2024-03-01 11:37:18,0 days 01:15:16,69.35341009743135,2024-03-01,CAT 349
CAT 349-6,13CAT6,139,2024-03-01 13:54:37.000000000,2024-03-01 14:36:06,0 days 00:41:29,201.04459622338288,2024-03-01,CAT 349
CAT 349-6,14CAT6,183,2024-03-02 15:36:49.000000000,2024-03-02 16:25:36,0 days 00:48:47,225.07687051588658,2024-03-02,CAT 349
CAT 349-6,15CAT6,72,2024-03-04 23:42:17.000000000,2024-03-05 00:08:32,0 days 00:26:15,164.57142857142858,2024-03-04,CAT 349
CAT 349-6,16CAT6,262,2024-03-06 08:13:39.000000000,2024-03-06 09:16:55,0 days 01:03:16,248.47207586933615,2024-03-06,CAT 349
CAT 349-6,17CAT6,341,2024-03-11 09:31:52.000000000,2024-03-11 11:32:59,0 days 02:01:07,168.92803082427412,2024-03-11,CAT 349
CAT 349-6,18CAT6,376,2024-03-12 09:32:51.000000000,2024-03-12 10:48:59,0 days 01:16:08,296.32224168126095,2024-03-12,CAT 349
CAT 349-6,19CAT6,192,2024-03-18 10:44:10.000000000,2024-03-18 11:36:43,0 days 00:52:33,219.2197906755471,2024-03-18,CAT 349
CAT 349-6,1CAT6,854,2024-02-25 08:10:18.000000000,2024-02-25 13:35:24,0 days 05:25:06,157.61304214087974,2024-02-25,CAT 349
CAT 349-6,20CAT6,42,2024-03-19 20:04:12.000000000,2024-03-19 20:45:46,0 days 00:41:34,60.62550120288693,2024-03-19,CAT 349
CAT 349-6,21CAT6,15,2024-03-20 10:45:18.000000000,2024-03-20 10:48:56,0 days 00:03:38,247.70642201834863,2024-03-20,CAT 349
CAT 349-6,22CAT6,69,2024-03-21 08:59:33.000000000,2024-03-21 09:15:39,0 days 00:16:06,257.14285714285717,2024-03-21,CAT 349
CAT 349-6,23CAT6,198,2024-03-21 21:15:52.000000000,2024-03-21 21:58:01,0 days 00:42:09,281.8505338078292,2024-03-21,CAT 349
CAT 349-6,24CAT6,135,2024-03-28 08:15:43.000000000,2024-03-28 08:54:29,0 days 00:38:46,208.94239036973346,2024-03-28,CAT 349
CAT 349-6,25CAT6,146,2024-03-28 13:08:35.000000000,2024-03-28 13:45:24,0 days 00:36:49,237.93571751923946,2024-03-28,CAT 349
CAT 349-6,26CAT6,82,2024-03-29 10:36:06.000000000,2024-03-29 10:53:52,0 days 00:17:46,276.9230769230769,2024-03-29,CAT 349
CAT 349-6,27CAT6,168,2024-03-29 16:21:10.000000000,2024-03-29 16:48:35,0 days 00:27:25,367.6595744680851,2024-03-29,CAT 349
CAT 349-6,28CAT6,204,2024-03-30 15:08:16.000000000,2024-03-30 15:50:36,0 days 00:42:20,289.13385826771656,2024-03-30,CAT 349
CAT 349-6,29CAT6,239,2024-03-31 13:34:59.000000000,2024-03-31 14:17:51,0 days 00:42:52,334.52566096423016,2024-03-31,CAT 349
CAT 349-6,2CAT6,27,2024-02-26 08:29:33.000000000,2024-02-26 08:34:34,0 days 00:05:01,322.9235880398671,2024-02-26,CAT 349
CAT 349-6,30CAT6,148,2024-04-01 09:55:02.000000000,2024-04-01 10:34:08,0 days 00:39:06,227.10997442455243,2024-04-01,CAT 349
CAT 349-6,31CAT6,342,2024-04-02 08:38:42.000000000,2024-04-02 09:50:39,0 days 01:11:57,285.19805420430856,2024-04-02,CAT 349
CAT 349-6,32CAT6,236,2024-04-02 20:00:59.000000000,2024-04-02 21:01:39,0 days 01:00:40,233.4065934065934,2024-04-02,CAT 349
CAT 349-6,33CAT6,435,2024-04-04 20:54:35.000000000,2024-04-04 22:17:49,0 days 01:23:14,313.57629154985983,2024-04-04,CAT 349
CAT 349-6,34CAT6,162,2024-04-07 02:38:45.000000000,2024-04-07 03:30:09,0 days 00:51:24,189.10505836575877,2024-04-07,CAT 349
CAT 349-6,35CAT6,81,2024-04-09 08:19:37.000000000,2024-04-09 08:34:10,0 days 00:14:33,334.02061855670104,2024-04-09,CAT 349
CAT 349-6,36CAT6,300,2024-04-09 19:29:26.000000000,2024-04-09 20:38:55,0 days 01:09:29,259.05492923962584,2024-04-09,CAT 349
CAT 349-6,37CAT6,264,2024-04-10 23:02:37.000000000,2024-04-11 00:00:38,0 days 00:58:01,273.0249928181557,2024-04-10,CAT 349
CAT 349-6,38CAT6,327,2024-04-12 20:24:53.000000000,2024-04-12 21:28:20,0 days 01:03:27,309.21985815602835,2024-04-12,CAT 349
CAT 349-6,39CAT6,133,2024-04-16 09:00:13.000000000,2024-04-16 09:27:38,0 days 00:27:25,291.06382978723406,2024-04-16,CAT 349
CAT 349-6,3CAT6,84,2024-02-26 10:56:49.000000000,2024-02-26 11:09:35,0 days 00:12:46,394.7780678851175,2024-02-26,CAT 349
CAT 349-6,40CAT6,123,2024-04-26 09:10:18.000000000,2024-04-26 09:37:20,0 days 00:27:02,272.9963008631319,2024-04-26,CAT 349
CAT 349-6,41CAT6,96,2024-04-26 13:42:33.000000000,2024-04-26 14:00:08,0 days 00:17:35,327.58293838862556,2024-04-26,CAT 349
CAT 349-6,42CAT6,346,2024-04-27 14:34:45.000000000,2024-04-27 16:00:40,0 days 01:25:55,241.6294859359845,2024-04-27,CAT 349
CAT 349-6,43CAT6,103,2024-04-28 10:07:10.000000000,2024-04-28 10:49:03,0 days 00:41:53,147.55272582570632,2024-04-28,CAT 349
CAT 349-6,44CAT6,195,2024-05-01 13:08:14.000000000,2024-05-01 13:47:00,0 days 00:38:46,301.8056749785039,2024-05-01,CAT 349
CAT 349-6,45CAT6,267,2024-05-03 07:47:19.000000000,2024-05-03 08:40:08,0 days 00:52:49,303.3133480593247,2024-05-03,CAT 349
CAT 349-6,46CAT6,330,2024-05-08 09:15:24.000000000,2024-05-08 10:14:55,0 days 00:59:31,332.6799215905909,2024-05-08,CAT 349
CAT 349-6,47CAT6,171,2024-05-09 09:59:43.000000000,2024-05-09 10:37:20,0 days 00:37:37,272.7514399645547,2024-05-09,CAT 349
CAT 349-6,48CAT6,246,2024-05-18 07:41:52.000000000,2024-05-18 08:23:31,0 days 00:41:39,354.3817527010804,2024-05-18,CAT 349
CAT 349-6,49CAT6,162,2024-05-18 13:34:27.000000000,2024-05-18 14:00:00,0 days 00:25:33,380.43052837573384,2024-05-18,CAT 349
CAT 349-6,4CAT6,341,2024-02-26 13:47:01.000000000,2024-02-26 14:51:18,0 days 01:04:17,318.27845475758363,2024-02-26,CAT 349
CAT 349-6,50CAT6,174,2024-05-25 09:11:57.000000000,2024-05-25 10:14:08,0 days 01:02:11,167.89064593942643,2024-05-25,CAT 349
CAT 349-6,51CAT6,241,2024-05-26 08:52:17.000000000,2024-05-26 09:32:29,0 days 00:40:12,359.7014925373134,2024-05-26,CAT 349
CAT 349-6,52CAT6,1360,2024-05-31 08:36:00.000000000,2024-05-31 16:05:00,0 days 07:29:00,181.73719376391983,2024-05-31,CAT 349
CAT 349-6,53CAT6,294,2024-06-20 08:33:06.000000000,2024-06-20 10:00:45,0 days 01:27:39,201.25499144324016,2024-06-20,CAT 349
CAT 349-6,54CAT6,414,2024-07-02 08:08:02.000000000,2024-07-02 09:45:39,0 days 01:37:37,254.46474304251322,2024-07-02,CAT 349
CAT 349-6,55CAT6,791,2024-07-06 08:27:40.000000000,2024-07-06 10:56:03,0 days 02:28:23,319.84724250252725,2024-07-06,CAT 349
CAT 349-6,56CAT6,224,2024-08-01 13:27:13.000000000,2024-08-01 14:25:09,0 days 00:57:56,231.99079401611047,2024-08-01,CAT 349
CAT 349-6,57CAT6,188,2024-08-02 13:25:20.000000000,2024-08-02 14:53:52,0 days 01:28:32,127.40963855421687,2024-08-02,CAT 349
CAT 349-6,58CAT6,818,2024-08-25 07:45:51.000000000,2024-08-25 11:39:32,0 days 03:53:41,210.02781541972755,2024-08-25,CAT 349
CAT 349-6,59CAT6,444,2024-08-27 14:39:15.000000000,2024-08-27 16:54:39,0 days 02:15:24,196.7503692762186,2024-08-27,CAT 349
CAT 349-6,5CAT6,187,2024-02-26 20:14:19.000000000,2024-02-26 21:18:16,0 days 01:03:57,175.44956997654418,2024-02-26,CAT 349
CAT 349-6,60CAT6,381,2024-08-29 14:36:24.000000000,2024-08-29 16:30:21,0 days 01:53:57,200.61430451952612,2024-08-29,CAT 349
CAT 349-6,61CAT6,219,2024-10-17 09:31:33.000000000,2024-10-17 10:42:14,0 days 01:10:41,185.8995519924546,2024-10-17,CAT 349
CAT 349-6,6CAT6,205,2024-02-27 08:00:27.000000000,2024-02-27 09:10:44,0 days 01:10:17,175.0059283851079,2024-02-27,CAT 349
CAT 349-6,7CAT6,138,2024-02-27 16:11:21.000000000,2024-02-27 17:03:12,0 days 00:51:51,159.6914175506268,2024-02-27,CAT 349
CAT 349-6,8CAT6,170,2024-02-27 22:15:30.000000000,2024-02-27 23:17:34,0 days 01:02:04,164.33941997851772,2024-02-27,CAT 349
CAT 349-6,9CAT6,313,2024-02-28 10:28:48.000000000,2024-02-28 11:35:16,0 days 01:06:28,282.54764292878633,2024-02-28,CAT 349
KOM 360-13,1KOM3,210,2025-02-28 15:18:58.000000000,2025-02-28 16:48:13,0 days 01:29:15,141.1764705882353,2025-02-28,KOM 360
KOM 360-13,2KOM3,279,2025-03-01 16:23:19.000000000,2025-03-01 17:33:25,0 days 01:10:06,238.80171184022825,2025-03-01,KOM 360
KOM 360-14,1KOM4,438,2025-02-28 15:13:30.000000000,2025-02-28 16:49:14,0 days 01:35:44,274.5125348189415,2025-02-28,KOM 360
KOM 360-14,2KOM4,145,2025-03-01 16:26:03.000000000,2025-03-01 17:36:22,0 days 01:10:19,123.72600142213794,2025-03-01,KOM 360
KOM 390-10,10KOM0,471,2024-07-06 08:26:59.000000000,2024-07-06 10:53:07,0 days 02:26:08,193.38503649635035,2024-07-06,KOM 390
KOM 390-10,11KOM0,373,2024-08-10 07:07:23.000000000,2024-08-10 08:39:50,0 days 01:32:27,242.07679826933477,2024-08-10,KOM 390
KOM 390-10,12KOM0,42,2024-08-11 09:23:50.000000000,2024-08-11 09:30:51,0 days 00:07:01,359.14489311163896,2024-08-11,KOM 390
KOM 390-10,13KOM0,126,2024-10-17 09:46:24.000000000,2024-10-17 10:48:22,0 days 01:01:58,122.0010758472297,2024-10-17,KOM 390
KOM 390-10,1KOM0,165,2024-05-08 16:31:12.000000000,2024-05-08 17:14:34,0 days 00:43:22,228.2859338970023,2024-05-08,KOM 390
KOM 390-10,2KOM0,108,2024-05-09 10:07:19.000000000,2024-05-09 10:34:21,0 days 00:27:02,239.70406905055486,2024-05-09,KOM 390
KOM 390-10,3KOM0,54,2024-05-18 13:38:27.000000000,2024-05-18 13:56:13,0 days 00:17:46,182.3639774859287,2024-05-18,KOM 390
KOM 390-10,4KOM0,222,2024-05-25 09:07:49.000000000,2024-05-25 09:58:57,0 days 00:51:08,260.4954367666232,2024-05-25,KOM 390
KOM 390-10,5KOM0,171,2024-05-26 08:56:40.000000000,2024-05-26 09:29:33,0 days 00:32:53,312.0121642169285,2024-05-26,KOM 390
KOM 390-10,6KOM0,699,2024-05-31 09:04:00.000000000,2024-05-31 15:54:00,0 days 06:50:00,102.29268292682927,2024-05-31,KOM 390
KOM 390-10,7KOM0,27,2024-05-31 21:32:00.000000000,2024-05-31 21:48:00,0 days 00:16:00,101.25,2024-05-31,KOM 390
KOM 390-10,8KOM0,220,2024-06-20 08:31:07.000000000,2024-06-20 10:00:56,0 days 01:29:49,146.96604193727964,2024-06-20,KOM 390
KOM 390-10,9KOM0,244,2024-07-02 08:06:07.000000000,2024-07-02 09:43:35,0 days 01:37:28,150.20519835841313,2024-07-02,KOM 390
KOM 390-4,10KOM4,240,2024-03-02 09:33:00.000000000,2024-03-02 10:46:24,0 days 01:13:24,196.18528610354224,2024-03-02,KOM 390
KOM 390-4,11KOM4,214,2024-03-02 15:44:27.000000000,2024-03-02 16:28:55,0 days 00:44:28,288.75562218890553,2024-03-02,KOM 390
KOM 390-4,12KOM4,99,2024-03-03 10:50:48.000000000,2024-03-03 11:42:50,0 days 00:52:02,114.15759128763614,2024-03-03,KOM 390
KOM 390-4,13KOM4,60,2024-03-04 13:33:51.000000000,2024-03-04 14:34:23,0 days 01:00:32,59.47136563876652,2024-03-04,KOM 390
KOM 390-4,14KOM4,78,2024-03-04 23:45:57.000000000,2024-03-05 00:08:36,0 days 00:22:39,206.6225165562914,2024-03-04,KOM 390
KOM 390-4,15KOM4,96,2024-03-06 08:13:37.000000000,2024-03-06 09:14:05,0 days 01:00:28,95.25909592061743,2024-03-06,KOM 390
KOM 390-4,16KOM4,84,2024-03-08 14:50:56.000000000,2024-03-08 15:09:31,0 days 00:18:35,271.21076233183857,2024-03-08,KOM 390
KOM 390-4,17KOM4,15,2024-03-11 09:32:06.000000000,2024-03-11 09:57:09,0 days 00:25:03,35.92814371257485,2024-03-11,KOM 390
KOM 390-4,18KOM4,341,2024-03-12 09:33:43.000000000,2024-03-12 10:50:54,0 days 01:17:11,265.083135391924,2024-03-12,KOM 390
KOM 390-4,19KOM4,144,2024-03-13 09:55:08.000000000,2024-03-13 10:30:55,0 days 00:35:47,241.45319049836982,2024-03-13,KOM 390
KOM 390-4,1KOM4,249,2024-02-25 07:52:52.000000000,2024-02-25 11:17:49,0 days 03:24:57,72.89582825079287,2024-02-25,KOM 390
KOM 390-4,20KOM4,207,2024-03-13 14:35:39.000000000,2024-03-13 15:09:27,0 days 00:33:48,367.4556213017751,2024-03-13,KOM 390
KOM 390-4,21KOM4,159,2024-03-14 02:17:50.000000000,2024-03-14 03:58:48,0 days 01:40:58,94.48662925057775,2024-03-14,KOM 390
KOM 390-4,22KOM4,387,2024-03-15 02:59:12.000000000,2024-03-15 04:49:34,0 days 01:50:22,210.3896103896104,2024-03-15,KOM 390
KOM 390-4,23KOM4,205,2024-03-15 09:02:49.000000000,2024-03-15 09:57:22,0 days 00:54:33,225.48120989917507,2024-03-15,KOM 390
KOM 390-4,24KOM4,212,2024-03-16 08:20:45.000000000,2024-03-16 09:03:33,0 days 00:42:48,297.196261682243,2024-03-16,KOM 390
KOM 390-4,25KOM4,208,2024-03-17 14:20:43.000000000,2024-03-17 14:57:20,0 days 00:36:37,340.8284023668639,2024-03-17,KOM 390
KOM 390-4,26KOM4,285,2024-03-20 03:16:31.000000000,2024-03-20 04:20:03,0 days 01:03:32,269.15005246589715,2024-03-20,KOM 390
KOM 390-4,27KOM4,258,2024-03-20 20:21:11.000000000,2024-03-20 21:24:32,0 days 01:03:21,244.35674822415154,2024-03-20,KOM 390
KOM 390-4,28KOM4,137,2024-03-22 09:56:41.000000000,2024-03-22 10:31:06,0 days 00:34:25,238.83777239709443,2024-03-22,KOM 390
KOM 390-4,29KOM4,232,2024-03-22 20:48:59.000000000,2024-03-22 21:47:08,0 days 00:58:09,239.38091143594153,2024-03-22,KOM 390
KOM 390-4,2KOM4,156,2024-02-26 07:49:36.000000000,2024-02-26 08:55:39,0 days 01:06:03,141.7108251324754,2024-02-26,KOM 390
KOM 390-4,30KOM4,27,2024-03-27 10:18:26.000000000,2024-03-27 10:22:28,0 days 00:04:02,401.6528925619835,2024-03-27,KOM 390
KOM 390-4,31KOM4,123,2024-03-28 13:12:20.000000000,2024-03-28 13:48:02,0 days 00:35:42,206.72268907563026,2024-03-28,KOM 390
KOM 390-4,32KOM4,57,2024-03-29 10:38:17.000000000,2024-03-29 10:57:13,0 days 00:18:56,180.6338028169014,2024-03-29,KOM 390
KOM 390-4,33KOM4,100,2024-03-29 16:20:59.000000000,2024-03-29 16:47:47,0 days 00:26:48,223.88059701492537,2024-03-29,KOM 390
KOM 390-4,34KOM4,158,2024-03-30 15:10:27.000000000,2024-03-30 15:48:36,0 days 00:38:09,248.49279161205766,2024-03-30,KOM 390
KOM 390-4,35KOM4,147,2024-03-31 13:32:27.000000000,2024-03-31 14:15:45,0 days 00:43:18,203.69515011547344,2024-03-31,KOM 390
KOM 390-4,36KOM4,154,2024-04-01 09:53:05.000000000,2024-04-01 10:33:53,0 days 00:40:48,226.47058823529412,2024-04-01,KOM 390
KOM 390-4,37KOM4,270,2024-04-02 08:37:37.000000000,2024-04-02 09:46:49,0 days 01:09:12,234.10404624277456,2024-04-02,KOM 390
KOM 390-4,38KOM4,229,2024-04-02 15:14:39.000000000,2024-04-02 16:27:18,0 days 01:12:39,189.12594631796284,2024-04-02,KOM 390
KOM 390-4,39KOM4,129,2024-04-02 19:59:47.000000000,2024-04-02 21:00:43,0 days 01:00:56,127.02407002188184,2024-04-02,KOM 390
KOM 390-4,3KOM4,210,2024-02-26 13:47:30.000000000,2024-02-26 14:45:00,0 days 00:57:30,219.1304347826087,2024-02-26,KOM 390
KOM 390-4,40KOM4,162,2024-04-04 21:22:09.000000000,2024-04-04 22:13:15,0 days 00:51:06,190.21526418786692,2024-04-04,KOM 390
KOM 390-4,41KOM4,276,2024-04-05 08:12:50.000000000,2024-04-05 09:03:12,0 days 00:50:22,328.78888153540703,2024-04-05,KOM 390
KOM 390-4,42KOM4,132,2024-04-07 02:41:46.000000000,2024-04-07 03:33:06,0 days 00:51:20,154.28571428571428,2024-04-07,KOM 390
KOM 390-4,43KOM4,42,2024-04-07 09:04:11.000000000,2024-04-07 09:11:53,0 days 00:07:42,327.27272727272725,2024-04-07,KOM 390
KOM 390-4,44KOM4,72,2024-04-08 08:53:37.000000000,2024-04-08 09:45:07,0 days 00:51:30,83.88349514563107,2024-04-08,KOM 390
KOM 390-4,45KOM4,15,2024-04-09 03:00:01.000000000,2024-04-09 03:08:28,0 days 00:08:27,106.50887573964496,2024-04-09,KOM 390
KOM 390-4,46KOM4,15,2024-04-09 08:24:47.000000000,2024-04-09 08:32:30,0 days 00:07:43,116.63066954643628,2024-04-09,KOM 390
KOM 390-4,47KOM4,180,2024-04-09 19:49:06.000000000,2024-04-09 20:45:41,0 days 00:56:35,190.86892488954345,2024-04-09,KOM 390
KOM 390-4,48KOM4,138,2024-04-16 09:00:02.000000000,2024-04-16 09:46:39,0 days 00:46:37,177.61887736860922,2024-04-16,KOM 390
KOM 390-4,49KOM4,129,2024-04-19 09:03:08.000000000,2024-04-19 09:43:13,0 days 00:40:05,193.0977130977131,2024-04-19,KOM 390
KOM 390-4,4KOM4,234,2024-02-27 08:11:29.000000000,2024-02-27 09:08:53,0 days 00:57:24,244.5993031358885,2024-02-27,KOM 390
KOM 390-4,50KOM4,1289,2024-04-22 10:21:00.000000000,2024-04-22 17:21:00,0 days 07:00:00,184.14285714285714,2024-04-22,KOM 390
KOM 390-4,51KOM4,212,2024-04-25 08:29:50.000000000,2024-04-25 09:23:45,0 days 00:53:55,235.91962905718702,2024-04-25,KOM 390
KOM 390-4,52KOM4,198,2024-04-26 08:35:12.000000000,2024-04-26 09:35:17,0 days 01:00:05,197.72538141470181,2024-04-26,KOM 390
KOM 390-4,53KOM4,96,2024-04-27 14:59:41.000000000,2024-04-27 16:03:30,0 days 01:03:49,90.25855314703578,2024-04-27,KOM 390
KOM 390-4,54KOM4,162,2024-05-01 13:10:33.000000000,2024-05-01 13:51:22,0 days 00:40:49,238.13801551653737,2024-05-01,KOM 390
KOM 390-4,55KOM4,159,2024-05-03 07:45:38.000000000,2024-05-03 08:39:01,0 days 00:53:23,178.70746175460505,2024-05-03,KOM 390
KOM 390-4,56KOM4,241,2024-06-18 08:11:02.000000000,2024-06-18 09:11:38,0 days 01:00:36,238.6138613861386,2024-06-18,KOM 390
KOM 390-4,5KOM4,252,2024-02-27 16:07:18.000000000,2024-02-27 17:05:05,0 days 00:57:47,261.6671473896741,2024-02-27,KOM 390
KOM 390-4,6KOM4,151,2024-02-28 10:38:45.000000000,2024-02-28 11:36:34,0 days 00:57:49,156.70221965984433,2024-02-28,KOM 390
KOM 390-4,7KOM4,82,2024-02-28 20:22:55.000000000,2024-02-28 21:03:28,0 days 00:40:33,121.33168927250308,2024-02-28,KOM 390
KOM 390-4,8KOM4,147,2024-02-29 20:35:27.000000000,2024-02-29 21:28:59,0 days 00:53:32,164.7571606475716,2024-02-29,KOM 390
KOM 390-4,9KOM4,204,2024-03-02 02:21:40.000000000,2024-03-02 03:17:37,0 days 00:55:57,218.76675603217157,2024-03-02,KOM 390
KOM 390-9,10KOM9,318,2024-02-28 10:30:16.000000000,2024-02-28 11:37:13,0 days 01:06:57,284.98879761015684,2024-02-28,KOM 390
KOM 390-9,11KOM9,117,2024-02-29 20:55:40.000000000,2024-02-29 21:49:25,0 days 00:53:45,130.6046511627907,2024-02-29,KOM 390
KOM 390-9,12KOM9,84,2024-03-01 10:20:55.117647059,2024-03-01 11:40:36,0 days 01:19:40.882352941,63.25192248539145,2024-03-01,KOM 390
KOM 390-9,13KOM9,196,2024-03-02 02:28:07.000000000,2024-03-02 03:24:30,0 days 00:56:23,208.57227313035767,2024-03-02,KOM 390
KOM 390-9,14KOM9,377,2024-03-02 09:36:19.000000000,2024-03-02 10:48:59,0 days 01:12:40,311.2844036697248,2024-03-02,KOM 390
KOM 390-9,15KOM9,189,2024-03-03 10:42:10.000000000,2024-03-03 11:38:35,0 days 00:56:25,201.00443131462333,2024-03-03,KOM 390
KOM 390-9,16KOM9,93,2024-03-04 14:09:50.000000000,2024-03-04 14:38:20,0 days 00:28:30,195.78947368421052,2024-03-04,KOM 390
KOM 390-9,17KOM9,108,2024-03-08 14:40:06.968468469,2024-03-08 15:12:43,0 days 00:32:36.031531531,198.7698018833487,2024-03-08,KOM 390
KOM 390-9,18KOM9,264,2024-03-12 09:34:25.000000000,2024-03-12 10:52:14,0 days 01:17:49,203.5553651745556,2024-03-12,KOM 390
KOM 390-9,19KOM9,137,2024-03-13 09:53:13.000000000,2024-03-13 10:31:15,0 days 00:38:02,216.1262050832603,2024-03-13,KOM 390
KOM 390-9,1KOM9,287,2024-02-25 07:52:18.000000000,2024-02-25 10:16:08,0 days 02:23:50,119.72190034762457,2024-02-25,KOM 390
KOM 390-9,20KOM9,359,2024-03-15 03:19:05.000000000,2024-03-15 04:53:22,0 days 01:34:17,228.46031465441047,2024-03-15,KOM 390
KOM 390-9,21KOM9,180,2024-03-15 09:08:16.000000000,2024-03-15 09:53:50,0 days 00:45:34,237.01536210680322,2024-03-15,KOM 390
KOM 390-9,22KOM9,183,2024-03-16 08:20:41.000000000,2024-03-16 09:00:07,0 days 00:39:26,278.44463229078616,2024-03-16,KOM 390
KOM 390-9,23KOM9,99,2024-03-17 14:22:02.000000000,2024-03-17 14:59:37,0 days 00:37:35,158.0487804878049,2024-03-17,KOM 390
KOM 390-9,24KOM9,123,2024-03-18 10:45:21.000000000,2024-03-18 11:36:27,0 days 00:51:06,144.42270058708414,2024-03-18,KOM 390
KOM 390-9,25KOM9,163,2024-03-19 19:59:04.000000000,2024-03-19 21:00:05,0 days 01:01:01,160.28407538923793,2024-03-19,KOM 390
KOM 390-9,26KOM9,147,2024-03-21 21:13:19.000000000,2024-03-21 22:07:19,0 days 00:54:00,163.33333333333334,2024-03-21,KOM 390
KOM 390-9,27KOM9,15,2024-03-27 10:21:44.000000000,2024-03-27 10:24:06,0 days 00:02:22,380.28169014084506,2024-03-27,KOM 390
KOM 390-9,28KOM9,96,2024-03-28 08:15:27.000000000,2024-03-28 08:58:47,0 days 00:43:20,132.92307692307693,2024-03-28,KOM 390
KOM 390-9,29KOM9,67,2024-03-28 13:16:41.000000000,2024-03-28 13:37:53,0 days 00:21:12,189.62264150943398,2024-03-28,KOM 390
KOM 390-9,2KOM9,206,2024-02-25 13:00:59.000000000,2024-02-25 13:33:03,0 days 00:32:04,385.4469854469854,2024-02-25,KOM 390
KOM 390-9,30KOM9,42,2024-03-29 10:38:15.000000000,2024-03-29 10:57:20,0 days 00:19:05,132.05240174672488,2024-03-29,KOM 390
KOM 390-9,31KOM9,84,2024-03-29 16:28:29.000000000,2024-03-29 16:43:23,0 days 00:14:54,338.255033557047,2024-03-29,KOM 390
KOM 390-9,32KOM9,153,2024-03-30 15:09:57.000000000,2024-03-30 15:50:11,0 days 00:40:14,228.16901408450704,2024-03-30,KOM 390
KOM 390-9,33KOM9,87,2024-03-31 13:32:15.000000000,2024-03-31 14:09:51,0 days 00:37:36,138.82978723404256,2024-03-31,KOM 390
KOM 390-9,34KOM9,190,2024-04-02 15:14:04.000000000,2024-04-02 16:28:52,0 days 01:14:48,152.40641711229947,2024-04-02,KOM 390
KOM 390-9,35KOM9,45,2024-04-04 20:54:27.000000000,2024-04-04 22:19:43,0 days 01:25:16,31.66536356528538,2024-04-04,KOM 390
KOM 390-9,36KOM9,96,2024-04-05 08:28:14.000000000,2024-04-05 09:04:44,0 days 00:36:30,157.8082191780822,2024-04-05,KOM 390
KOM 390-9,37KOM9,120,2024-04-07 02:37:25.000000000,2024-04-07 03:31:14,0 days 00:53:49,133.78755032517807,2024-04-07,KOM 390
KOM 390-9,38KOM9,15,2024-04-07 09:12:17.000000000,2024-04-07 09:16:34,0 days 00:04:17,210.11673151750972,2024-04-07,KOM 390
KOM 390-9,39KOM9,72,2024-04-08 08:54:30.000000000,2024-04-08 09:43:14,0 days 00:48:44,88.64569083447333,2024-04-08,KOM 390
KOM 390-9,3KOM9,70,2024-02-26 07:50:35.000000000,2024-02-26 08:55:40,0 days 01:05:05,64.5326504481434,2024-02-26,KOM 390
KOM 390-9,40KOM9,177,2024-04-09 02:21:05.000000000,2024-04-09 03:23:19,0 days 01:02:14,170.64809855382967,2024-04-09,KOM 390
KOM 390-9,41KOM9,84,2024-04-09 08:19:16.000000000,2024-04-09 08:36:10,0 days 00:16:54,298.2248520710059,2024-04-09,KOM 390
KOM 390-9,42KOM9,60,2024-04-09 19:26:33.000000000,2024-04-09 19:47:45,0 days 00:21:12,169.81132075471697,2024-04-09,KOM 390
KOM 390-9,43KOM9,129,2024-04-19 09:02:12.000000000,2024-04-19 09:42:26,0 days 00:40:14,192.3777961888981,2024-04-19,KOM 390
KOM 390-9,44KOM9,1180,2024-04-22 10:24:00.000000000,2024-04-22 17:26:00,0 days 07:02:00,167.77251184834122,2024-04-22,KOM 390
KOM 390-9,45KOM9,15,2024-04-22 22:55:00.000000000,2024-04-22 22:58:00,0 days 00:03:00,300.0,2024-04-22,KOM 390
KOM 390-9,46KOM9,84,2024-04-25 08:38:23.000000000,2024-04-25 09:21:19,0 days 00:42:56,117.3913043478261,2024-04-25,KOM 390
KOM 390-9,47KOM9,129,2024-04-26 08:40:02.000000000,2024-04-26 09:36:05,0 days 00:56:03,138.09099018733275,2024-04-26,KOM 390
KOM 390-9,48KOM9,213,2024-04-27 14:47:06.000000000,2024-04-27 15:53:54,0 days 01:06:48,191.31736526946108,2024-04-27,KOM 390
KOM 390-9,49KOM9,132,2024-04-28 10:07:00.000000000,2024-04-28 10:49:26,0 days 00:42:26,186.6457187745483,2024-04-28,KOM 390
KOM 390-9,4KOM9,55,2024-02-26 10:59:06.000000000,2024-02-26 11:09:12,0 days 00:10:06,326.73267326732673,2024-02-26,KOM 390
KOM 390-9,50KOM9,117,2024-05-01 13:16:47.000000000,2024-05-01 13:54:31,0 days 00:37:44,186.04240282685512,2024-05-01,KOM 390
KOM 390-9,51KOM9,54,2024-05-03 07:44:19.000000000,2024-05-03 08:05:52,0 days 00:21:33,150.34802784222737,2024-05-03,KOM 390
KOM 390-9,52KOM9,252,2024-08-02 08:08:22.000000000,2024-08-02 09:15:43,0 days 01:07:21,224.4988864142539,2024-08-02,KOM 390
KOM 390-9,53KOM9,427,2024-08-02 13:25:05.000000000,2024-08-02 15:26:11,0 days 02:01:06,211.56069364161849,2024-08-02,KOM 390
KOM 390-9,54KOM9,339,2024-08-03 07:27:29.000000000,2024-08-03 08:59:26,0 days 01:31:57,221.20717781402936,2024-08-03,KOM 390
KOM 390-9,55KOM9,492,2024-08-03 13:19:48.000000000,2024-08-03 15:02:35,0 days 01:42:47,287.20609696773147,2024-08-03,KOM 390
KOM 390-9,56KOM9,609,2024-08-04 08:01:30.000000000,2024-08-04 10:14:03,0 days 02:12:33,275.66955865711054,2024-08-04,KOM 390
KOM 390-9,57KOM9,260,2024-08-05 08:50:27.000000000,2024-08-05 10:02:01,0 days 01:11:34,217.97857475547275,2024-08-05,KOM 390
KOM 390-9,5KOM9,206,2024-02-26 13:52:22.000000000,2024-02-26 14:58:49,0 days 01:06:27,186.00451467268624,2024-02-26,KOM 390
KOM 390-9,6KOM9,205,2024-02-26 20:11:32.000000000,2024-02-26 21:22:22,0 days 01:10:50,173.64705882352942,2024-02-26,KOM 390
KOM 390-9,7KOM9,237,2024-02-27 07:59:07.000000000,2024-02-27 09:10:13,0 days 01:11:06,200.0,2024-02-27,KOM 390
KOM 390-9,8KOM9,82,2024-02-27 16:09:31.000000000,2024-02-27 16:57:16,0 days 00:47:45,103.03664921465969,2024-02-27,KOM 390
KOM 390-9,9KOM9,165,2024-02-27 22:14:41.000000000,2024-02-27 23:13:28,0 days 00:58:47,168.41508364048767,2024-02-27,KOM 390
