Date,operating_hours,idle_hours,total_fuel,gal_hour,Shovel
2024-01-01,0.0,0.0,0.0,,KOM 390-9
2024-01-01,0.0,0.0,0.0,,KOM 390-4
2024-01-02,7.5,1.2,74.6,8.5,KOM 390-4
2024-01-02,0.0,0.0,0.0,,KOM 390-9
2024-01-03,0.0,0.0,0.0,,KOM 390-9
2024-01-03,16.3,2.2,167.3,9.0,KOM 390-4
2024-01-04,16.1,2.6,162.9,8.7,KOM 390-4
2024-01-04,0.0,0.0,0.0,,KOM 390-9
2024-01-05,16.8,2.1,172.9,9.1,KOM 390-4
2024-01-05,0.0,0.0,0.0,,KOM 390-9
2024-01-06,16.4,2.5,169.1,8.9,KOM 390-4
2024-01-06,9.6,1.3,96.9,8.8,KOM 390-9
2024-01-07,5.0,0.8,51.2,8.7,KOM 390-9
2024-01-07,3.9,1.2,41.3,7.9,KOM 390-4
2024-01-08,7.5,1.8,72.6,7.7,KOM 390-9
2024-01-08,12.7,1.7,122.9,8.5,KOM 390-4
2024-01-09,8.2,2.9,79.7,7.2,KOM 390-9
2024-01-09,13.8,2.6,131.8,8.0,KOM 390-4
2024-01-10,14.5,3.8,136.5,7.4,KOM 390-9
2024-01-10,12.6,1.5,121.8,8.6,KOM 390-4
2024-01-11,12.2,4.5,116.5,6.9,KOM 390-9
2024-01-11,12.4,2.3,121.3,8.2,KOM 390-4
2024-01-12,5.1,3.0,45.9,5.6,KOM 390-9
2024-01-12,17.8,2.1,169.3,8.4,KOM 390-4
2024-01-13,15.9,2.2,156.1,8.6,KOM 390-4
2024-01-13,12.2,3.9,113.0,6.9,KOM 390-9
2024-01-14,9.8,0.9,90.5,8.4,KOM 390-9
2024-01-14,12.7,1.5,125.5,8.8,KOM 390-4
2024-01-15,13.6,1.5,134.4,8.8,KOM 390-4
2024-01-15,12.7,1.9,120.4,8.2,KOM 390-9
2024-01-16,18.2,2.8,155.7,7.4,KOM 390-9
2024-01-16,17.1,2.1,174.0,9.0,KOM 390-4
2024-01-17,17.1,1.6,174.6,9.3,KOM 390-4
2024-01-17,15.3,3.6,146.7,7.7,KOM 390-9
2024-01-18,17.0,2.2,174.9,9.1,KOM 390-4
2024-01-18,16.2,2.6,151.6,8.0,KOM 390-9
2024-01-19,16.9,1.5,168.8,9.1,KOM 390-4
2024-01-19,14.6,4.4,143.2,7.5,KOM 390-9
2024-01-20,16.4,2.0,162.6,8.8,KOM 390-4
2024-01-20,13.2,5.6,132.0,7.0,KOM 390-9
2024-01-21,11.6,2.0,116.8,8.5,KOM 390-4
2024-01-21,10.2,3.6,100.1,7.2,KOM 390-9
2024-01-22,11.9,2.2,120.3,8.5,KOM 390-4
2024-01-22,10.8,3.7,106.1,7.2,KOM 390-9
2024-01-23,14.5,4.2,146.2,7.8,KOM 390-4
2024-01-23,13.0,5.6,131.0,7.0,KOM 390-9
2024-01-24,17.7,1.3,178.2,9.3,KOM 390-4
2024-01-24,14.5,4.2,140.9,7.5,KOM 390-9
2024-01-25,13.7,5.1,133.0,7.1,KOM 390-9
2024-01-25,17.0,1.8,170.9,9.0,KOM 390-4
2024-01-26,13.0,5.7,126.0,6.7,KOM 390-9
2024-01-26,16.5,2.1,162.4,8.7,KOM 390-4
2024-01-27,12.9,5.9,130.9,6.9,KOM 390-9
2024-01-27,16.1,2.5,164.4,8.8,KOM 390-4
2024-01-28,7.9,5.9,78.0,5.6,KOM 390-9
2024-01-28,9.2,1.1,91.0,8.7,KOM 390-4
2024-01-29,11.4,2.7,111.7,7.9,KOM 390-4
2024-01-29,11.8,2.7,120.9,8.3,KOM 390-9
2024-01-30,11.9,5.4,123.4,7.1,KOM 390-9
2024-01-30,11.5,4.9,110.1,6.7,KOM 390-4
2024-01-31,14.4,4.1,143.5,7.7,KOM 390-9
2024-01-31,11.3,6.2,112.3,6.4,KOM 390-4
2024-02-01,13.2,2.1,132.0,8.6,KOM 390-4
2024-02-01,12.3,2.9,125.2,8.2,KOM 390-9
2024-02-02,8.0,2.7,80.9,7.5,KOM 390-9
2024-02-02,10.9,1.2,110.4,9.0,KOM 390-4
2024-02-03,9.9,1.5,99.5,8.7,KOM 390-9
2024-02-03,9.8,1.5,97.1,8.5,KOM 390-4
2024-02-04,12.7,1.0,125.3,9.0,KOM 390-4
2024-02-04,10.0,3.4,103.7,7.7,KOM 390-9
2024-02-05,12.7,1.1,131.5,9.4,KOM 390-4
2024-02-05,11.8,1.4,119.8,9.0,KOM 390-9
2024-02-06,17.0,1.8,172.7,9.2,KOM 390-9
2024-02-06,17.6,1.2,177.7,9.4,KOM 390-4
2024-02-07,9.4,3.4,96.1,7.5,KOM 390-9
2024-02-07,11.0,2.3,108.4,8.1,KOM 390-4
2024-02-08,14.3,1.3,142.9,9.1,KOM 390-4
2024-02-08,13.4,2.0,136.6,8.8,KOM 390-9
2024-02-09,15.4,1.8,152.8,8.8,KOM 390-4
2024-02-09,16.1,1.7,166.8,9.3,KOM 390-9
2024-02-10,17.6,1.4,174.0,9.1,KOM 390-4
2024-02-10,8.9,1.1,93.2,9.2,KOM 390-9
2024-02-11,12.9,1.0,130.5,9.3,KOM 390-4
2024-02-11,13.0,1.0,131.5,9.3,KOM 390-9
2024-02-12,13.4,0.9,131.9,9.2,KOM 390-9
2024-02-12,13.1,1.1,130.8,9.1,KOM 390-4
2024-02-13,17.6,1.6,173.4,9.0,KOM 390-9
2024-02-13,17.7,1.8,170.4,8.7,KOM 390-4
2024-02-14,16.8,1.2,165.2,9.1,KOM 390-9
2024-02-14,16.3,1.8,158.7,8.7,KOM 390-4
2024-02-15,17.8,1.3,172.7,9.0,KOM 390-9
2024-02-15,17.7,1.5,171.1,8.8,KOM 390-4
2024-02-16,18.0,1.3,173.6,8.9,KOM 390-4
2024-02-16,13.4,1.2,137.2,9.3,KOM 390-9
2024-02-17,7.4,0.4,74.3,9.4,KOM 390-9
2024-02-17,17.4,1.5,166.0,8.7,KOM 390-4
2024-02-18,13.0,1.1,125.1,8.8,KOM 390-4
2024-02-18,12.0,1.1,119.6,9.0,KOM 390-9
2024-02-19,13.2,1.4,137.1,9.3,KOM 390-9
2024-02-19,13.9,0.7,140.8,9.6,KOM 390-4
2024-02-20,15.5,0.8,155.1,9.4,KOM 390-4
2024-02-20,14.6,1.3,151.5,9.5,KOM 390-9
2024-02-21,16.0,1.2,161.1,9.3,KOM 390-4
2024-02-21,15.9,1.2,166.4,9.7,KOM 390-9
2024-02-22,14.0,0.9,140.8,9.4,KOM 390-4
2024-02-22,14.0,1.4,139.6,9.0,KOM 390-9
2024-02-23,17.8,1.3,186.2,9.7,KOM 390-9
2024-02-23,17.7,1.4,175.7,9.2,KOM 390-4
2024-02-24,17.8,1.4,182.4,9.5,KOM 390-9
2024-02-24,17.9,1.3,181.0,9.4,KOM 390-4
2024-02-25,12.2,2.0,124.3,8.7,KOM 390-9
2024-02-25,10.9,1.4,107.4,8.7,KOM 390-4
2024-02-26,13.3,1.0,130.6,9.1,KOM 390-4
2024-02-26,15.4,1.6,155.5,9.1,KOM 390-9
2024-02-27,13.9,0.9,142.7,9.5,KOM 390-9
2024-02-27,13.3,0.9,132.4,9.3,KOM 390-4
2024-02-28,18.7,2.3,191.0,9.0,KOM 390-9
2024-02-28,17.5,1.4,175.1,9.2,KOM 390-4
2024-02-29,18.0,1.5,178.7,9.1,KOM 390-4
2024-02-29,17.9,1.6,185.6,9.5,KOM 390-9
2024-03-01,17.7,1.6,176.6,9.1,KOM 390-4
2024-03-01,17.4,1.8,173.9,9.0,KOM 390-9
2024-03-02,17.5,2.1,177.9,9.0,KOM 390-9
2024-03-02,17.9,1.6,176.9,9.0,KOM 390-4
2024-03-03,12.6,1.3,122.7,8.7,KOM 390-4
2024-03-03,12.7,1.4,129.8,9.1,KOM 390-9
2024-03-04,12.5,1.3,124.7,9.0,KOM 390-4
2024-03-04,12.6,1.0,127.3,9.3,KOM 390-9
2024-03-05,17.2,1.8,171.3,8.9,KOM 390-9
2024-03-05,17.5,1.7,176.7,9.2,KOM 390-4
2024-03-06,17.5,1.6,175.1,9.1,KOM 390-4
2024-03-06,16.8,2.0,158.1,8.3,KOM 390-9
2024-03-07,17.2,1.9,178.8,9.3,KOM 390-9
2024-03-07,17.4,2.0,171.7,8.8,KOM 390-4
2024-03-08,15.2,2.2,159.5,9.1,KOM 390-9
2024-03-08,16.3,1.6,160.5,8.9,KOM 390-4
2024-03-09,18.1,1.8,176.8,8.8,KOM 390-4
2024-03-09,17.6,1.4,179.7,9.4,KOM 390-9
2024-03-10,12.4,1.9,123.9,8.6,KOM 390-9
2024-03-10,13.3,0.8,133.0,9.3,KOM 390-4
2024-03-11,13.0,1.3,132.1,9.2,KOM 390-9
2024-03-11,13.4,1.0,133.4,9.2,KOM 390-4
2024-03-12,15.6,3.4,154.0,8.1,KOM 390-9
2024-03-12,16.0,3.2,155.2,8.1,KOM 390-4
2024-03-13,14.1,2.8,136.1,8.0,KOM 390-9
2024-03-13,14.9,1.8,148.4,8.8,KOM 390-4
2024-03-14,15.5,2.1,152.6,8.6,KOM 390-9
2024-03-14,16.4,1.4,162.4,9.1,KOM 390-4
2024-03-15,18.0,1.5,181.1,9.2,KOM 390-4
2024-03-15,17.2,2.1,168.5,8.7,KOM 390-9
2024-03-16,16.4,2.9,164.7,8.5,KOM 390-9
2024-03-16,16.6,1.7,164.9,9.0,KOM 390-4
2024-03-17,9.8,0.8,99.5,9.4,KOM 390-4
2024-03-17,10.0,0.5,97.8,9.2,KOM 390-9
2024-03-18,12.0,1.7,125.0,9.1,KOM 390-9
2024-03-18,11.6,1.4,114.8,8.8,KOM 390-4
2024-03-19,17.2,1.9,178.9,9.3,KOM 390-9
2024-03-19,17.1,2.0,170.7,8.9,KOM 390-4
2024-03-20,16.6,2.2,163.7,8.6,KOM 390-4
2024-03-20,17.3,1.5,179.0,9.5,KOM 390-9
2024-03-21,14.8,2.1,154.4,9.1,KOM 390-9
2024-03-21,14.5,3.0,138.5,7.9,KOM 390-4
2024-03-22,17.6,1.8,168.8,8.6,KOM 390-4
2024-03-22,17.2,2.2,178.9,9.2,KOM 390-9
2024-03-23,17.2,1.6,174.2,9.2,KOM 390-9
2024-03-23,17.5,1.6,170.3,8.9,KOM 390-4
2024-03-24,11.9,1.1,127.2,9.7,KOM 390-9
2024-03-24,11.4,1.6,113.5,8.6,KOM 390-4
2024-03-25,13.2,1.3,136.1,9.3,KOM 390-9
2024-03-25,13.6,1.0,134.9,9.2,KOM 390-4
2024-03-26,11.9,1.7,115.0,8.4,KOM 390-4
2024-03-26,15.1,2.3,147.4,8.4,KOM 390-9
2024-03-27,17.0,1.8,168.4,8.9,KOM 390-4
2024-03-27,17.8,1.3,178.8,9.3,KOM 390-9
2024-03-28,17.1,2.2,174.8,9.0,KOM 390-9
2024-03-28,17.1,2.1,166.8,8.7,KOM 390-4
2024-03-29,17.1,2.0,162.7,8.5,KOM 390-4
2024-03-29,17.7,1.4,181.8,9.5,KOM 390-9
2024-03-30,17.2,1.8,166.7,8.7,KOM 390-4
2024-03-30,17.6,1.5,182.1,9.5,KOM 390-9
2024-03-31,12.5,1.7,132.2,9.3,KOM 390-9
2024-03-31,11.4,1.6,107.7,8.2,KOM 390-4
2024-04-01,13.0,1.3,126.1,8.8,KOM 390-4
2024-04-01,11.8,1.5,120.4,9.0,KOM 390-9
2024-04-02,15.3,1.5,151.8,9.0,KOM 390-9
2024-04-02,17.0,2.1,167.6,8.7,KOM 390-4
2024-04-03,17.0,2.5,168.6,8.6,KOM 390-9
2024-04-03,17.0,2.1,165.7,8.6,KOM 390-4
2024-04-04,13.3,2.8,130.5,8.1,KOM 390-9
2024-04-04,14.1,2.4,136.4,8.2,KOM 390-4
2024-04-05,16.6,2.0,165.4,8.9,KOM 390-9
2024-04-05,16.4,2.2,161.7,8.6,KOM 390-4
2024-04-06,16.5,1.8,167.8,9.1,KOM 390-9
2024-04-06,15.5,2.6,152.6,8.4,KOM 390-4
2024-04-07,12.5,1.3,129.1,9.3,KOM 390-9
2024-04-07,10.6,3.3,104.3,7.4,KOM 390-4
2024-04-08,12.9,1.3,132.7,9.2,KOM 390-9
2024-04-08,12.5,1.5,122.5,8.7,KOM 390-4
2024-04-09,17.9,1.3,182.0,9.4,KOM 390-9
2024-04-09,16.7,2.3,158.9,8.3,KOM 390-4
2024-04-10,17.6,1.5,178.1,9.3,KOM 390-9
2024-04-10,15.8,2.3,146.8,8.1,KOM 390-4
2024-04-11,18.2,1.1,185.0,9.5,KOM 390-9
2024-04-11,17.6,2.3,161.1,8.1,KOM 390-4
2024-04-12,18.0,1.2,174.3,9.0,KOM 390-4
2024-04-12,18.4,0.9,181.0,9.4,KOM 390-9
2024-04-13,17.8,1.3,167.6,8.7,KOM 390-4
2024-04-13,7.8,1.4,71.9,7.7,KOM 390-9
2024-04-14,0.0,0.0,0.3,2.8,KOM 390-9
2024-04-14,11.1,1.9,106.2,8.1,KOM 390-4
2024-04-15,8.8,0.4,87.5,9.4,KOM 390-4
2024-04-15,0.0,0.0,0.0,0.7,KOM 390-9
2024-04-16,8.7,0.8,84.7,8.9,KOM 390-4
2024-04-16,0.2,0.2,1.5,2.7,KOM 390-9
2024-04-17,7.5,1.2,78.5,8.9,KOM 390-9
2024-04-17,8.5,0.6,83.2,9.1,KOM 390-4
2024-04-18,8.3,0.9,87.4,9.5,KOM 390-9
2024-04-18,8.9,0.8,89.1,9.1,KOM 390-4
2024-04-19,9.0,0.6,85.1,8.7,KOM 390-4
2024-04-19,8.9,0.5,91.6,9.6,KOM 390-9
2024-04-20,8.9,0.8,93.8,9.6,KOM 390-9
2024-04-20,9.2,0.6,88.8,9.0,KOM 390-4
2024-04-21,9.1,0.5,93.3,9.6,KOM 390-9
2024-04-21,9.3,0.6,92.0,9.2,KOM 390-4
2024-04-22,6.7,0.8,69.1,9.1,KOM 390-9
2024-04-22,6.4,0.4,64.4,9.3,KOM 390-4
2024-04-23,8.5,0.8,87.7,9.3,KOM 390-9
2024-04-23,8.7,0.5,86.4,9.3,KOM 390-4
2024-04-24,8.9,0.7,92.1,9.5,KOM 390-9
2024-04-24,9.1,0.4,89.6,9.3,KOM 390-4
2024-04-25,8.7,1.0,88.9,9.0,KOM 390-9
2024-04-25,,,,,KOM 390-4
2024-04-26,8.5,0.9,86.4,9.1,KOM 390-9
2024-04-26,9.0,0.3,88.7,9.4,KOM 390-4
2024-04-27,8.4,0.8,79.8,8.6,KOM 390-4
2024-04-27,6.2,1.3,63.2,8.3,KOM 390-9
2024-04-28,8.6,0.9,84.0,8.7,KOM 390-4
2024-04-28,8.5,1.1,88.2,9.1,KOM 390-9
2024-04-29,4.3,0.8,40.2,7.8,KOM 390-4
2024-04-29,6.0,1.3,60.2,8.2,KOM 390-9
2024-04-30,5.9,0.3,58.1,9.2,KOM 390-4
2024-04-30,8.5,0.7,86.5,9.3,KOM 390-9
2024-05-01,7.7,0.6,75.4,9.0,KOM 390-4
2024-05-01,8.5,0.9,85.3,9.0,KOM 390-9
2024-05-02,4.7,0.9,46.9,8.1,KOM 390-9
2024-05-02,5.1,0.5,50.2,8.8,KOM 390-4
2024-05-03,9.0,0.4,88.1,9.4,KOM 390-4
2024-05-03,0.8,0.0,8.7,9.3,KOM 390-9
2024-05-04,5.1,0.4,47.7,8.6,KOM 390-4
2024-05-04,0.0,0.0,0.0,,KOM 390-9
2024-05-05,0.0,0.0,0.0,,KOM 390-9
2024-05-05,8.4,0.5,84.6,9.4,KOM 390-4
2024-05-06,8.7,0.7,86.4,9.1,KOM 390-4
2024-05-06,0.0,0.0,0.0,,KOM 390-9
2024-05-07,8.8,0.6,86.7,9.1,KOM 390-4
2024-05-07,0.0,0.0,0.0,,KOM 390-9
2024-05-08,7.8,0.7,75.7,8.8,KOM 390-4
2024-05-08,0.1,0.1,0.8,3.2,KOM 390-9
2024-05-09,0.0,0.0,0.0,0.0,KOM 390-9
2024-05-09,5.1,1.6,48.0,7.1,KOM 390-4
2024-05-10,7.6,2.1,80.0,8.2,KOM 390-10
2024-05-10,0.0,0.0,0.0,,KOM 390-9
2024-05-10,7.8,1.2,75.2,8.2,KOM 390-4
2024-05-11,7.8,1.7,84.5,8.8,KOM 390-10
2024-05-11,0.0,0.0,0.0,,KOM 390-9
2024-05-11,9.4,1.4,88.1,8.1,KOM 390-4
2024-05-12,0.0,0.0,0.0,,KOM 390-9
2024-05-12,2.1,1.3,20.5,5.8,KOM 390-4
2024-05-12,2.2,1.2,22.8,6.5,KOM 390-10
2024-05-13,0.0,0.0,0.0,,KOM 390-9
2024-05-13,9.2,0.6,100.7,10.1,KOM 390-10
2024-05-13,8.6,0.9,83.0,8.7,KOM 390-4
2024-05-14,0.0,0.0,0.0,,KOM 390-9
2024-05-14,8.4,1.0,81.4,8.6,KOM 390-4
2024-05-14,8.8,0.7,95.0,9.9,KOM 390-10
2024-05-15,9.1,0.4,89.1,9.3,KOM 390-4
2024-05-15,0.0,0.0,0.0,,KOM 390-9
2024-05-15,8.4,0.9,87.0,9.2,KOM 390-10
2024-05-16,0.0,0.0,0.0,,KOM 390-9
2024-05-16,4.9,0.8,43.7,7.6,KOM 390-4
2024-05-16,9.2,0.7,99.7,10.0,KOM 390-10
2024-05-17,0.0,0.0,0.0,,KOM 390-4
2024-05-17,9.1,0.5,99.1,10.2,KOM 390-10
2024-05-17,0.0,0.0,0.0,,KOM 390-9
2024-05-18,8.8,0.6,95.9,10.0,KOM 390-10
2024-05-18,0.0,0.0,0.0,,KOM 390-9
2024-05-18,1.6,0.3,14.3,7.1,KOM 390-4
2024-05-19,8.9,0.6,99.7,10.3,KOM 390-10
2024-05-19,5.5,0.7,45.5,7.2,KOM 390-9
2024-05-19,,,,,KOM 390-4
2024-05-20,7.7,0.6,85.4,10.1,KOM 390-10
2024-05-20,0.0,0.0,0.0,,KOM 390-4
2024-05-20,0.0,0.0,0.0,,KOM 390-9
2024-05-21,6.5,0.4,71.9,10.2,KOM 390-10
2024-05-21,0.0,0.0,0.0,,KOM 390-4
2024-05-21,0.2,0.1,2.5,5.6,KOM 390-9
2024-05-22,0.0,0.0,0.0,,KOM 390-9
2024-05-22,7.3,0.3,79.3,10.3,KOM 390-10
2024-05-22,0.0,0.0,0.0,,KOM 390-4
2024-05-23,7.0,0.8,74.7,9.5,KOM 390-10
2024-05-23,0.0,0.0,0.0,,KOM 390-4
2024-05-23,4.2,0.2,34.3,7.7,KOM 390-9
2024-05-24,8.6,0.5,93.3,10.1,KOM 390-10
2024-05-24,0.1,0.0,1.1,5.8,KOM 390-4
2024-05-24,0.3,0.0,2.3,6.4,KOM 390-9
2024-05-25,0.0,0.0,0.0,,KOM 390-4
2024-05-25,4.1,0.2,36.1,8.1,KOM 390-9
2024-05-25,8.5,0.7,92.7,10.0,KOM 390-10
2024-05-26,0.0,0.0,0.0,,KOM 390-4
2024-05-26,8.5,0.5,91.6,10.0,KOM 390-10
2024-05-26,0.4,0.9,2.6,1.9,KOM 390-9
2024-05-27,0.0,0.1,0.1,0.8,KOM 390-4
2024-05-27,3.9,0.6,35.1,7.6,KOM 390-9
2024-05-27,8.7,0.5,86.4,9.3,KOM 390-10
2024-05-28,0.0,0.0,0.0,,KOM 390-4
2024-05-28,0.0,0.0,0.0,,KOM 390-9
2024-05-28,8.9,0.8,88.5,9.0,KOM 390-10
2024-05-29,7.7,0.5,81.4,9.8,KOM 390-10
2024-05-29,0.0,0.0,0.0,,KOM 390-9
2024-05-29,0.0,0.0,0.0,,KOM 390-4
2024-05-30,0.0,0.0,0.0,,KOM 390-4
2024-05-30,9.0,1.2,95.2,9.2,KOM 390-10
2024-05-30,0.0,0.0,0.0,,KOM 390-9
2024-05-31,0.0,0.0,0.0,,KOM 390-9
2024-05-31,0.0,0.0,0.0,,KOM 390-4
2024-05-31,7.9,0.7,83.1,9.6,KOM 390-10
2024-06-01,3.2,0.3,22.6,6.2,KOM 390-4
2024-06-01,0.0,0.0,0.0,,KOM 390-9
2024-06-01,8.5,0.9,89.0,9.4,KOM 390-10
2024-06-02,2.7,1.2,24.6,6.1,KOM 390-4
2024-06-02,0.0,0.0,0.0,,KOM 390-9
2024-06-02,8.4,1.2,87.3,9.0,KOM 390-10
2024-06-03,8.3,0.8,88.5,9.7,KOM 390-10
2024-06-03,0.0,0.0,0.0,0.0,KOM 390-9
2024-06-03,5.8,1.1,50.1,7.1,KOM 390-4
2024-06-04,8.6,0.7,90.7,9.7,KOM 390-10
2024-06-04,4.7,1.2,38.7,6.4,KOM 390-4
2024-06-04,0.0,0.0,0.0,,KOM 390-9
2024-06-05,0.0,0.0,0.0,,KOM 390-9
2024-06-05,8.0,1.9,68.4,6.8,KOM 390-4
2024-06-05,8.2,1.0,90.2,9.6,KOM 390-10
2024-06-06,0.4,0.0,4.6,9.3,KOM 390-10
2024-06-06,0.0,0.0,0.0,,KOM 390-9
2024-06-06,5.4,1.4,46.3,6.7,KOM 390-4
2024-06-07,1.8,1.2,15.8,5.0,KOM 390-10
2024-06-07,7.0,1.3,57.6,6.9,KOM 390-4
2024-06-07,0.0,0.0,0.0,,KOM 390-9
2024-06-08,4.3,2.4,36.5,5.4,KOM 390-4
2024-06-08,0.0,0.0,0.0,,KOM 390-10
2024-06-08,0.0,0.0,0.0,,KOM 390-9
2024-06-09,0.6,0.6,4.8,3.8,KOM 390-10
2024-06-09,6.6,1.5,57.1,6.9,KOM 390-4
2024-06-09,0.0,0.1,0.3,2.5,KOM 390-9
2024-06-10,0.0,0.0,0.0,,KOM 390-9
2024-06-10,5.7,1.8,45.3,6.0,KOM 390-4
2024-06-10,0.0,0.0,0.0,,KOM 390-10
2024-06-11,0.0,0.0,0.0,,KOM 390-10
2024-06-11,2.2,0.9,20.1,6.2,KOM 390-9
2024-06-11,6.2,1.5,56.3,7.2,KOM 390-4
2024-06-12,10.2,1.6,93.8,7.9,KOM 390-9
2024-06-12,9.1,1.2,83.8,8.1,KOM 390-4
2024-06-12,0.0,0.0,0.0,,KOM 390-10
2024-06-13,8.4,1.0,79.8,8.4,KOM 390-4
2024-06-13,0.0,0.0,0.0,,KOM 390-10
2024-06-13,8.1,1.3,71.9,7.6,KOM 390-9
2024-06-14,7.0,1.2,67.4,8.2,KOM 390-4
2024-06-14,11.7,1.7,110.7,8.2,KOM 390-9
2024-06-14,0.0,0.5,0.6,1.2,KOM 390-10
2024-06-15,5.6,1.8,52.7,6.9,KOM 390-9
2024-06-15,8.3,1.4,80.4,8.3,KOM 390-4
2024-06-15,0.0,0.0,0.0,,KOM 390-10
2024-06-16,5.8,1.4,52.6,7.2,KOM 390-9
2024-06-16,5.8,2.5,55.7,6.6,KOM 390-4
2024-06-16,0.0,0.0,0.0,,KOM 390-10
2024-06-17,8.4,2.3,77.0,7.2,KOM 390-9
2024-06-17,0.0,0.0,0.0,,KOM 390-10
2024-06-17,9.0,0.3,83.2,8.8,KOM 390-4
2024-06-18,8.7,1.1,81.3,8.2,KOM 390-9
2024-06-18,0.0,0.0,0.0,1.2,KOM 390-10
2024-06-18,8.9,0.7,82.2,8.5,KOM 390-4
2024-06-19,7.2,1.2,75.8,8.9,KOM 390-10
2024-06-19,11.4,1.4,109.6,8.5,KOM 390-9
2024-06-19,0.8,0.4,3.8,2.7,KOM 390-4
2024-06-20,7.9,1.5,75.4,7.9,KOM 390-9
2024-06-20,8.5,1.5,87.0,8.6,KOM 390-10
2024-06-20,5.3,0.9,43.0,6.8,KOM 390-4
2024-06-21,8.5,0.8,81.2,8.7,KOM 390-10
2024-06-21,0.0,0.0,0.0,,KOM 390-4
2024-06-21,8.1,1.3,75.3,8.0,KOM 390-9
2024-06-22,7.5,2.0,70.5,7.4,KOM 390-9
2024-06-22,0.0,0.0,0.1,3.5,KOM 390-4
2024-06-22,8.3,1.0,86.5,9.2,KOM 390-10
2024-07-01,8.8,1.1,74.1,7.4,KOM 390-9
2024-07-01,7.4,1.9,75.2,8.0,KOM 390-10
2024-07-01,9.0,0.9,83.3,8.3,KOM 390-4
2024-07-02,7.9,1.2,73.8,8.0,KOM 390-4
2024-07-02,6.7,2.7,70.7,7.4,KOM 390-10
2024-07-02,6.7,1.6,59.3,7.1,KOM 390-9
2024-07-03,8.4,0.9,87.3,9.3,KOM 390-10
2024-07-03,7.6,1.7,73.3,7.8,KOM 390-4
2024-07-03,6.1,1.3,49.6,6.6,KOM 390-9
2024-07-04,7.0,0.8,70.2,8.8,KOM 390-10
2024-07-04,5.4,1.6,39.9,5.6,KOM 390-9
2024-07-04,6.4,0.7,62.3,8.7,KOM 390-4
2024-07-05,4.5,1.2,45.1,7.7,KOM 390-10
2024-07-05,4.6,1.0,45.1,8.0,KOM 390-4
2024-07-05,3.6,0.5,33.9,8.0,KOM 390-9
2024-07-06,5.3,0.8,47.9,7.8,KOM 390-9
2024-07-06,8.5,0.6,88.7,9.7,KOM 390-10
2024-07-06,7.9,0.6,76.6,9.0,KOM 390-4
2024-07-07,4.0,0.2,36.6,8.6,KOM 390-9
2024-07-07,8.2,0.7,81.1,9.1,KOM 390-10
2024-07-07,8.0,1.0,78.7,8.7,KOM 390-4
2024-07-08,8.7,0.6,91.1,9.7,KOM 390-10
2024-07-08,3.6,0.7,31.0,7.0,KOM 390-9
2024-07-08,8.6,0.9,81.4,8.5,KOM 390-4
2024-07-09,8.6,0.8,89.3,9.4,KOM 390-10
2024-07-09,8.4,1.0,82.8,8.7,KOM 390-4
2024-07-09,6.1,2.6,52.2,5.9,KOM 390-9
2024-07-10,8.5,0.8,87.4,9.3,KOM 390-10
2024-07-10,8.6,0.8,82.7,8.7,KOM 390-4
2024-07-10,3.8,2.7,25.7,3.9,KOM 390-9
2024-07-11,7.4,1.7,67.4,7.3,KOM 390-4
2024-07-11,8.0,1.0,79.3,8.7,KOM 390-10
2024-07-11,2.7,1.0,23.0,6.1,KOM 390-9
2024-07-12,4.5,0.6,42.9,8.2,KOM 390-4
2024-07-12,8.6,0.8,82.4,8.7,KOM 390-10
2024-07-12,4.0,2.1,33.5,5.4,KOM 390-9
2024-07-13,8.7,0.6,92.4,9.8,KOM 390-10
2024-07-13,2.8,1.1,16.7,4.2,KOM 390-4
2024-07-13,7.3,1.5,64.8,7.2,KOM 390-9
2024-07-14,8.3,1.0,84.9,9.1,KOM 390-10
2024-07-14,4.6,0.6,37.8,7.1,KOM 390-9
2024-07-14,3.5,1.2,22.6,4.8,KOM 390-4
2024-07-15,8.2,1.0,87.5,9.5,KOM 390-10
2024-07-15,1.4,0.9,6.3,2.7,KOM 390-4
2024-07-15,3.9,1.2,33.4,6.4,KOM 390-9
2024-07-16,8.8,1.8,88.0,8.2,KOM 390-10
2024-07-16,1.8,0.2,8.0,3.9,KOM 390-4
2024-07-16,6.3,1.2,55.4,7.3,KOM 390-9
2024-07-17,1.4,0.8,9.6,4.1,KOM 390-4
2024-07-17,6.9,0.3,75.4,10.3,KOM 390-10
2024-07-17,4.5,1.4,40.5,6.8,KOM 390-9
2024-07-18,8.1,1.0,82.7,9.0,KOM 390-9
2024-07-18,0.0,0.0,0.0,0.0,KOM 390-4
2024-07-18,5.6,0.6,52.4,8.3,KOM 390-10
2024-07-19,8.4,0.7,90.3,9.7,KOM 390-10
2024-07-19,8.6,2.6,71.9,6.3,KOM 390-4
2024-07-19,9.0,0.6,93.2,9.7,KOM 390-9
2024-07-20,8.9,0.4,94.0,10.0,KOM 390-9
2024-07-20,8.5,0.8,90.7,9.7,KOM 390-10
2024-07-20,8.0,1.3,63.6,6.8,KOM 390-4
2024-07-21,7.4,0.8,80.4,9.7,KOM 390-10
2024-07-21,8.1,0.3,82.4,9.7,KOM 390-9
2024-07-21,6.7,1.1,53.1,6.7,KOM 390-4
2024-07-22,5.7,0.9,54.3,8.1,KOM 390-10
2024-07-22,4.0,1.0,29.0,5.7,KOM 390-4
2024-07-22,8.6,0.7,87.5,9.3,KOM 390-9
2024-07-23,6.8,0.7,71.9,9.4,KOM 390-10
2024-07-23,7.1,0.9,60.2,7.4,KOM 390-4
2024-07-23,3.0,0.2,31.1,9.4,KOM 390-9
2024-07-24,7.5,1.2,66.5,7.6,KOM 390-4
2024-07-24,5.0,0.6,53.9,9.5,KOM 390-10
2024-07-24,4.4,0.6,44.9,8.8,KOM 390-9
2024-07-25,6.5,1.4,53.4,6.7,KOM 390-4
2024-07-25,5.6,1.9,60.7,8.0,KOM 390-10
2024-07-25,5.5,1.0,57.1,8.6,KOM 390-9
2024-07-26,6.4,0.8,55.1,7.5,KOM 390-4
2024-07-26,5.1,1.1,53.4,8.5,KOM 390-10
2024-07-26,7.2,0.8,73.7,9.1,KOM 390-9
2024-07-27,5.3,1.6,44.0,6.3,KOM 390-4
2024-07-27,7.0,1.0,69.7,8.7,KOM 390-10
2024-07-27,8.7,0.5,88.0,9.5,KOM 390-9
2024-07-28,6.0,2.0,58.7,7.3,KOM 390-10
2024-07-28,8.9,0.5,87.9,9.2,KOM 390-9
2024-07-28,7.2,1.4,60.6,7.0,KOM 390-4
2024-07-29,8.2,0.6,82.6,9.2,KOM 390-9
2024-07-29,4.1,0.9,36.4,7.2,KOM 390-4
2024-07-29,5.9,0.7,63.3,9.5,KOM 390-10
2024-07-30,6.3,0.3,62.6,9.3,KOM 390-9
2024-07-30,7.3,0.9,55.8,6.8,KOM 390-4
2024-07-30,6.4,0.7,64.7,8.9,KOM 390-10
2024-07-31,5.9,1.0,60.7,8.6,KOM 390-10
2024-07-31,1.0,0.2,7.8,6.3,KOM 390-4
2024-07-31,8.7,0.8,83.3,8.7,KOM 390-9
2024-08-01,6.5,0.4,66.4,9.4,KOM 390-10
2024-08-01,8.2,0.9,80.2,8.8,KOM 390-9
2024-08-01,5.5,1.4,51.1,7.3,KOM 390-4
2024-08-02,5.9,0.8,61.5,9.0,KOM 390-10
2024-08-02,5.2,2.7,47.5,5.9,KOM 390-4
2024-08-02,8.3,1.0,82.2,8.7,KOM 390-9
2024-08-03,5.2,2.8,50.2,6.2,KOM 390-4
2024-08-03,8.7,0.8,88.3,9.2,KOM 390-9
2024-08-03,6.4,0.3,63.7,9.4,KOM 390-10
2024-08-04,9.4,0.9,95.2,9.1,KOM 390-9
2024-08-04,5.8,2.2,55.2,6.8,KOM 390-4
2024-08-04,6.1,0.2,64.3,10.1,KOM 390-10
2024-08-05,6.2,0.5,63.2,9.3,KOM 390-10
2024-08-05,7.5,0.7,69.9,8.4,KOM 390-9
2024-08-05,4.2,3.5,42.5,5.5,KOM 390-4
2024-08-06,6.0,0.9,55.1,7.9,KOM 390-9
2024-08-06,6.0,3.1,56.9,6.1,KOM 390-4
2024-08-06,6.4,0.8,60.7,8.3,KOM 390-10
2024-08-07,5.8,3.8,54.6,5.7,KOM 390-4
2024-08-07,6.0,1.3,57.4,7.7,KOM 390-9
2024-08-07,8.5,0.7,92.2,10.0,KOM 390-10
2024-08-08,2.0,0.6,15.1,5.7,KOM 390-9
2024-08-08,4.9,2.8,48.2,6.2,KOM 390-4
2024-08-08,8.8,0.6,95.2,10.1,KOM 390-10
2024-08-09,6.3,0.7,70.9,10.1,KOM 390-10
2024-08-09,3.8,2.2,37.8,6.2,KOM 390-4
2024-08-09,2.7,1.6,26.4,6.0,KOM 390-9
2024-08-10,4.6,2.0,46.2,6.8,KOM 390-4
2024-08-10,6.7,1.4,64.1,7.9,KOM 390-9
2024-08-10,7.1,0.3,78.9,10.5,KOM 390-10
2024-08-11,8.5,0.5,92.8,10.1,KOM 390-10
2024-08-11,1.3,0.3,12.0,7.1,KOM 390-9
2024-08-11,2.2,1.3,20.9,5.8,KOM 390-4
2024-08-12,1.8,0.2,16.9,8.0,KOM 390-9
2024-08-12,9.6,1.3,101.3,9.2,KOM 390-10
2024-08-12,5.4,2.4,53.8,6.8,KOM 390-4
2024-08-13,5.0,1.7,49.6,7.3,KOM 390-10
2024-08-13,4.9,2.7,47.6,6.2,KOM 390-4
2024-08-13,2.3,0.5,19.8,6.9,KOM 390-9
2024-08-14,3.3,2.9,32.8,5.2,KOM 390-10
2024-08-14,4.6,3.0,46.4,6.1,KOM 390-4
2024-08-14,2.2,0.3,19.8,7.5,KOM 390-9
2024-08-15,0.0,0.0,0.0,,KOM 390-9
2024-08-15,5.2,2.7,50.8,6.3,KOM 390-10
2024-08-15,6.3,1.7,59.8,7.3,KOM 390-4
2024-08-16,1.1,0.1,10.6,8.3,KOM 390-9
2024-08-16,6.0,2.3,57.8,6.9,KOM 390-10
2024-08-16,6.4,2.0,61.8,7.3,KOM 390-4
2024-08-17,6.3,2.0,60.9,7.2,KOM 390-10
2024-08-17,6.0,2.5,56.3,6.6,KOM 390-4
2024-08-17,2.2,0.2,20.3,8.3,KOM 390-9
2024-08-18,1.3,0.9,11.2,4.8,KOM 390-9
2024-08-18,5.6,2.5,55.0,6.7,KOM 390-4
2024-08-18,3.7,2.0,36.0,6.2,KOM 390-10
2024-08-19,1.0,2.1,5.8,1.8,KOM 390-9
2024-08-19,5.5,2.6,50.3,6.1,KOM 390-4
2024-08-19,2.0,0.3,19.5,8.1,KOM 390-10
2024-08-20,2.6,0.6,22.0,6.8,KOM 390-9
2024-08-20,3.3,1.6,30.3,6.0,KOM 390-4
2024-08-20,4.7,2.2,46.8,6.7,KOM 390-10
2024-08-21,3.7,0.6,32.6,7.4,KOM 390-9
2024-08-21,4.0,1.6,38.1,6.7,KOM 390-10
2024-08-21,3.5,0.6,35.8,8.6,KOM 390-4
2024-08-22,0.0,0.0,0.0,,KOM 390-10
2024-08-22,6.8,1.6,69.7,8.1,KOM 390-4
2024-08-22,3.3,0.5,28.6,7.3,KOM 390-9
2024-08-23,4.9,1.5,39.9,6.1,KOM 390-9
2024-08-23,0.0,0.0,0.0,,KOM 390-10
2024-08-23,6.8,1.1,68.8,8.6,KOM 390-4
2024-08-24,0.0,0.0,0.0,,KOM 390-10
2024-08-24,5.3,0.9,54.6,8.7,KOM 390-4
2024-08-24,3.6,1.8,28.7,5.2,KOM 390-9
2024-08-25,0.0,0.0,0.0,,KOM 390-10
2024-08-25,5.7,3.0,47.0,5.4,KOM 390-9
2024-08-25,7.4,1.0,76.1,9.0,KOM 390-4
2024-08-26,3.0,1.1,25.0,5.9,KOM 390-9
2024-08-26,7.6,1.2,69.5,7.8,KOM 390-4
2024-08-26,0.0,0.0,0.2,6.3,KOM 390-10
2024-08-27,,,,,KOM 390-10
2024-08-27,6.3,1.8,52.8,6.5,KOM 390-9
2024-08-27,6.5,2.2,59.8,6.8,KOM 390-4
2024-08-28,7.2,1.7,67.2,7.5,KOM 390-4
2024-08-28,4.6,1.0,41.2,7.3,KOM 390-9
2024-08-28,6.4,2.4,62.9,7.0,KOM 390-10
2024-08-29,6.9,0.9,62.9,7.9,KOM 390-9
2024-08-29,6.8,1.4,63.7,7.7,KOM 390-4
2024-08-29,7.8,1.2,78.1,8.5,KOM 390-10
2024-08-30,3.2,1.2,32.3,7.2,KOM 390-10
2024-08-30,7.4,2.0,67.3,7.1,KOM 390-9
2024-08-30,7.0,2.1,64.9,7.1,KOM 390-4
2024-08-31,0.0,0.0,0.1,1.8,KOM 390-10
2024-08-31,2.2,0.9,21.3,6.7,KOM 390-4
2024-08-31,7.3,1.1,68.6,8.1,KOM 390-9
2024-09-01,0.0,0.0,0.0,,KOM 390-4
2024-09-02,0.0,0.0,0.0,0.0,KOM 390-4
2024-09-03,0.0,0.0,0.0,,KOM 390-4
2024-09-04,0.0,0.0,0.0,0.0,KOM 390-4
2024-09-05,0.0,0.0,0.0,0.0,KOM 390-4
2024-09-06,0.0,0.0,0.0,0.0,KOM 390-4
2024-09-07,0.0,0.0,0.0,,KOM 390-4
2024-09-08,0.0,0.0,0.0,,KOM 390-4
2024-09-09,0.0,0.0,0.0,,KOM 390-4
2024-09-10,0.0,0.0,0.0,,KOM 390-4
2024-09-11,0.0,0.0,0.0,,KOM 390-4
2024-09-12,0.0,0.0,0.0,,KOM 390-4
2024-09-13,0.0,0.0,0.0,,KOM 390-4
2024-09-14,0.0,0.0,0.0,,KOM 390-4
2024-09-15,0.0,0.0,0.0,,KOM 390-4
2024-09-16,0.0,0.0,0.0,,KOM 390-4
2024-09-17,0.0,0.0,0.0,,KOM 390-4
2024-09-18,0.0,0.0,0.0,,KOM 390-4
2024-09-19,0.0,0.0,0.0,,KOM 390-4
2024-09-20,0.0,0.0,0.0,,KOM 390-4
2024-09-21,0.0,0.0,0.0,,KOM 390-4
2024-09-22,,,,,KOM 390-4
2024-09-23,0.0,0.0,0.0,,KOM 390-4
2024-09-24,0.0,0.0,0.0,,KOM 390-4
2024-09-25,0.0,0.0,0.0,,KOM 390-4
2024-09-26,0.0,0.0,0.0,,KOM 390-4
2024-09-27,0.0,0.0,0.0,,KOM 390-4
2024-09-28,0.0,0.0,0.0,,KOM 390-4
2024-09-29,0.0,0.0,0.0,,KOM 390-4
2024-09-30,0.0,0.0,0.0,,KOM 390-4
2024-10-01,0.0,0.0,0.0,,KOM 390-4
2024-10-02,2.1,0.8,12.6,4.2,KOM 390-4
2024-10-03,3.6,2.8,32.4,5.0,KOM 390-4
2024-10-04,10.0,1.6,84.2,7.2,KOM 390-4
2024-10-05,8.5,1.0,70.3,7.4,KOM 390-4
2024-10-06,7.1,0.9,60.1,7.4,KOM 390-4
2024-10-07,7.2,1.6,56.6,6.4,KOM 390-4
2024-10-08,8.0,1.2,65.9,7.1,KOM 390-4
2024-10-09,8.0,1.4,62.9,6.6,KOM 390-4
2024-10-10,7.9,1.3,64.6,6.9,KOM 390-4
2024-10-11,6.8,2.5,55.4,5.9,KOM 390-4
2024-10-12,7.8,1.4,63.3,6.8,KOM 390-4
2024-10-13,5.9,2.4,46.6,5.6,KOM 390-4
2024-10-14,3.8,0.9,30.3,6.4,KOM 390-4
2024-10-15,5.9,2.0,48.8,6.1,KOM 390-4
2024-10-16,2.5,0.6,19.8,6.2,KOM 390-4
2024-10-17,0.3,0.7,1.3,1.2,KOM 390-4
2024-10-18,0.0,0.0,0.0,0.9,KOM 390-4
2024-10-19,0.0,0.1,0.4,1.7,KOM 390-4
2024-10-20,7.3,0.9,62.8,7.6,KOM 390-4
2024-10-21,9.9,1.0,98.1,8.9,KOM 390-4
2024-10-22,3.1,1.3,26.1,5.8,KOM 390-4
2024-10-23,0.0,0.0,0.2,1.2,KOM 390-4
2024-10-24,0.0,0.0,0.0,1.0,KOM 390-4
2024-10-25,0.0,0.0,0.0,,KOM 390-4
2024-10-26,0.0,0.0,0.0,,KOM 390-4
2024-10-27,0.0,0.0,0.0,,KOM 390-4
2024-10-28,0.0,0.0,0.0,,KOM 390-4
2024-10-29,0.6,0.5,3.1,2.5,KOM 390-4
2024-10-30,0.0,0.0,0.1,2.5,KOM 390-4
2024-10-31,0.0,0.0,0.0,,KOM 390-4
2024-09-01,2.4,1.5,21.9,5.5,KOM 390-9
2024-09-02,6.2,1.9,59.6,7.3,KOM 390-9
2024-09-03,4.6,0.4,45.6,8.8,KOM 390-9
2024-09-04,2.1,0.6,15.1,5.4,KOM 390-9
2024-09-05,4.7,1.4,48.2,7.8,KOM 390-9
2024-09-06,6.1,1.2,62.6,8.5,KOM 390-9
2024-09-07,4.6,0.7,47.8,8.9,KOM 390-9
2024-09-08,7.4,1.5,73.3,8.2,KOM 390-9
2024-09-09,7.8,0.9,76.9,8.7,KOM 390-9
2024-09-10,7.4,1.3,70.5,8.0,KOM 390-9
2024-09-11,4.6,1.9,47.8,7.3,KOM 390-9
2024-09-12,0.3,0.1,3.0,5.7,KOM 390-9
2024-09-13,6.1,0.6,63.5,9.4,KOM 390-9
2024-09-14,7.2,1.7,65.3,7.3,KOM 390-9
2024-09-15,6.4,2.4,64.8,7.3,KOM 390-9
2024-09-16,7.9,1.1,82.2,9.1,KOM 390-9
2024-09-17,6.0,2.8,64.9,7.2,KOM 390-9
2024-09-18,8.2,0.9,86.3,9.3,KOM 390-9
2024-09-19,7.9,1.5,82.4,8.6,KOM 390-9
2024-09-20,7.4,1.3,77.8,8.9,KOM 390-9
2024-09-21,7.2,1.7,76.5,8.5,KOM 390-9
2024-09-22,6.0,1.2,61.1,8.3,KOM 390-9
2024-09-23,6.3,1.7,64.2,7.9,KOM 390-9
2024-09-24,9.0,0.5,88.4,9.2,KOM 390-9
2024-09-25,6.2,1.4,64.6,8.4,KOM 390-9
2024-09-26,8.5,1.7,84.9,8.2,KOM 390-9
2024-09-27,8.4,0.6,82.6,9.0,KOM 390-9
2024-09-28,6.6,0.3,67.6,9.6,KOM 390-9
2024-09-29,1.5,0.6,13.4,6.0,KOM 390-9
2024-09-30,9.0,2.8,82.3,6.9,KOM 390-9
2024-10-01,4.8,0.7,45.2,8.1,KOM 390-9
2024-10-02,2.4,2.3,22.5,4.7,KOM 390-9
2024-10-03,8.7,0.5,87.2,9.4,KOM 390-9
2024-10-04,8.1,1.0,81.3,8.8,KOM 390-9
2024-10-05,,,,,KOM 390-9
2024-10-06,10.1,1.5,97.1,8.3,KOM 390-9
2024-10-07,7.8,1.4,73.0,7.8,KOM 390-9
2024-10-08,7.5,1.5,72.6,8.0,KOM 390-9
2024-10-09,6.8,2.0,67.1,7.5,KOM 390-9
2024-10-10,0.7,0.0,6.4,8.2,KOM 390-9
2024-10-11,10.9,2.1,109.2,8.3,KOM 390-9
2024-10-12,9.0,2.1,86.3,7.7,KOM 390-9
2024-10-13,6.0,2.8,61.4,6.9,KOM 390-9
2024-10-14,7.2,1.5,67.6,7.7,KOM 390-9
2024-10-15,6.8,1.5,65.9,7.8,KOM 390-9
2024-10-16,5.9,2.7,58.4,6.7,KOM 390-9
2024-10-17,6.5,2.0,63.3,7.3,KOM 390-9
2024-10-18,4.9,1.2,44.5,7.2,KOM 390-9
2024-10-19,0.7,0.6,5.0,3.4,KOM 390-9
2024-10-20,0.0,0.0,0.0,1.1,KOM 390-9
2024-10-21,0.0,0.0,0.2,1.8,KOM 390-9
2024-10-22,10.1,2.9,102.8,7.8,KOM 390-9
2024-10-23,12.4,2.5,127.3,8.5,KOM 390-9
2024-10-24,7.5,1.0,76.4,8.8,KOM 390-9
2024-10-25,13.0,1.4,130.8,9.1,KOM 390-9
2024-10-26,17.3,1.3,174.4,9.3,KOM 390-9
2024-10-27,9.8,2.1,98.6,8.2,KOM 390-9
2024-10-28,13.3,2.3,127.5,8.1,KOM 390-9
2024-10-29,13.3,1.8,127.9,8.4,KOM 390-9
2024-10-30,8.0,1.5,80.3,8.5,KOM 390-9
2024-10-31,5.7,2.3,60.1,7.4,KOM 390-9
2024-09-01,0.0,0.0,0.0,,KOM 390-10
2024-09-02,0.0,0.0,0.0,,KOM 390-10
2024-09-03,,,,,KOM 390-10
2024-09-04,0.0,0.0,0.0,,KOM 390-10
2024-09-05,0.0,0.0,0.0,,KOM 390-10
2024-09-06,0.0,0.0,0.0,,KOM 390-10
2024-09-07,0.0,0.0,0.0,,KOM 390-10
2024-09-08,0.0,0.0,0.0,,KOM 390-10
2024-09-09,0.0,0.0,0.0,,KOM 390-10
2024-09-10,0.0,0.0,0.0,,KOM 390-10
2024-09-11,0.0,0.0,0.0,,KOM 390-10
2024-09-12,0.0,0.0,0.0,,KOM 390-10
2024-09-13,0.0,0.0,0.0,,KOM 390-10
2024-09-14,0.0,0.0,0.0,,KOM 390-10
2024-09-15,,,,,KOM 390-10
2024-09-16,,,,,KOM 390-10
2024-09-17,,,,,KOM 390-10
2024-09-18,,,,,KOM 390-10
2024-09-19,,,,,KOM 390-10
2024-09-20,,,,,KOM 390-10
2024-09-21,,,,,KOM 390-10
2024-09-22,,,,,KOM 390-10
2024-09-23,,,,,KOM 390-10
2024-09-24,,,,,KOM 390-10
2024-09-25,,,,,KOM 390-10
2024-09-26,,,,,KOM 390-10
2024-09-27,,,,,KOM 390-10
2024-09-28,,,,,KOM 390-10
2024-09-29,,,,,KOM 390-10
2024-09-30,,,,,KOM 390-10
2024-10-01,,,,,KOM 390-10
2024-10-02,0.2,0.0,0.9,2.9,KOM 390-10
2024-10-03,0.0,0.0,0.0,,KOM 390-10
2024-10-04,0.6,0.1,7.7,9.3,KOM 390-10
2024-10-05,5.3,2.2,50.1,6.7,KOM 390-10
2024-10-06,8.6,0.8,88.8,9.4,KOM 390-10
2024-10-07,8.6,0.7,91.0,9.7,KOM 390-10
2024-10-08,12.8,1.5,138.6,9.6,KOM 390-10
2024-10-09,14.5,2.7,154.9,9.0,KOM 390-10
2024-10-10,8.7,1.9,87.2,8.2,KOM 390-10
2024-10-11,10.9,2.5,116.7,8.6,KOM 390-10
2024-10-12,8.3,1.1,86.7,9.2,KOM 390-10
2024-10-13,9.5,1.1,100.1,9.4,KOM 390-10
2024-10-14,12.8,1.6,132.4,9.2,KOM 390-10
2024-10-15,13.5,2.3,138.7,8.7,KOM 390-10
2024-10-16,9.7,1.3,97.7,8.8,KOM 390-10
2024-10-17,11.4,0.8,118.5,9.6,KOM 390-10
2024-10-18,10.1,0.8,104.1,9.4,KOM 390-10
2024-10-19,8.7,1.2,92.0,9.2,KOM 390-10
2024-10-20,8.2,1.0,83.0,9.0,KOM 390-10
2024-10-21,11.7,1.7,118.2,8.8,KOM 390-10
2024-10-22,12.8,2.2,133.2,8.8,KOM 390-10
2024-10-23,16.8,1.4,172.8,9.5,KOM 390-10
2024-10-24,11.9,1.5,122.6,9.1,KOM 390-10
2024-10-25,11.4,1.2,117.0,9.2,KOM 390-10
2024-10-26,9.4,0.7,97.0,9.6,KOM 390-10
2024-10-27,7.5,0.7,77.0,9.2,KOM 390-10
2024-10-28,11.1,0.9,105.4,8.7,KOM 390-10
2024-10-29,7.0,1.3,69.7,8.3,KOM 390-10
2024-10-30,7.5,1.0,79.6,9.3,KOM 390-10
2024-10-31,6.6,1.3,62.0,7.7,KOM 390-10
2024-12-01,8.3,3.2,86.5,7.5,KOM 390-10
2024-12-02,8.2,4.0,87.2,7.1,KOM 390-10
2024-12-03,9.2,4.3,96.6,7.1,KOM 390-10
2024-12-04,12.1,5.8,123.7,6.9,KOM 390-10
2024-12-05,10.3,4.8,100.3,6.6,KOM 390-10
2024-12-06,8.1,6.1,85.7,6.0,KOM 390-10
2024-12-07,,,,,KOM 390-10
2024-12-08,7.3,3.9,74.7,6.6,KOM 390-10
2024-12-09,9.0,4.8,94.6,6.8,KOM 390-10
2024-12-10,13.7,4.2,142.1,7.9,KOM 390-10
2024-12-11,14.1,4.3,145.0,7.8,KOM 390-10
2024-12-12,13.0,4.8,133.3,7.4,KOM 390-10
2024-12-13,13.3,6.0,135.4,7.0,KOM 390-10
2024-12-14,16.5,2.7,169.3,8.7,KOM 390-10
2024-12-15,11.4,2.1,117.3,8.6,KOM 390-10
2024-12-16,9.6,3.9,102.8,7.6,KOM 390-10
2024-12-17,13.6,4.6,134.0,7.3,KOM 390-10
2024-12-18,13.8,4.4,134.3,7.3,KOM 390-10
2024-12-19,13.2,3.9,134.1,7.8,KOM 390-10
2024-12-20,13.3,4.0,135.8,7.8,KOM 390-10
2024-12-21,12.8,4.0,129.3,7.7,KOM 390-10
2024-12-22,10.1,3.4,105.9,7.8,KOM 390-10
2024-12-23,10.7,2.5,109.8,8.2,KOM 390-10
2024-12-24,8.1,3.1,85.0,7.5,KOM 390-10
2024-12-25,15.5,2.5,160.3,8.8,KOM 390-10
2024-12-26,10.3,2.3,109.4,8.6,KOM 390-10
2024-12-27,8.4,1.9,88.9,8.5,KOM 390-10
2024-12-28,1.4,0.9,14.1,5.7,KOM 390-10
2024-12-29,0.0,0.0,0.0,,KOM 390-10
2024-12-30,0.0,0.0,0.0,,KOM 390-10
2024-12-31,0.0,0.0,0.0,,KOM 390-10
2024-12-01,0.0,0.0,0.1,1.8,KOM 390-9
2024-12-02,0.1,0.5,0.7,1.0,KOM 390-9
2024-12-03,0.0,0.3,0.5,1.3,KOM 390-9
2024-12-04,0.0,0.0,0.1,0.9,KOM 390-9
2024-12-05,0.4,0.4,1.8,2.2,KOM 390-9
2024-12-06,0.0,0.0,0.0,,KOM 390-9
2024-12-07,0.6,2.3,3.3,1.1,KOM 390-9
2024-12-08,0.3,0.2,1.9,3.2,KOM 390-9
2024-12-09,1.8,1.9,12.0,3.2,KOM 390-9
2024-12-10,0.9,0.5,5.4,3.6,KOM 390-9
2024-12-11,0.0,0.0,0.0,,KOM 390-9
2024-12-12,8.3,3.3,50.0,4.3,KOM 390-9
2024-12-13,14.9,2.6,92.6,5.3,KOM 390-9
2024-12-14,14.8,2.4,94.0,5.4,KOM 390-9
2024-12-15,7.2,1.9,44.5,4.9,KOM 390-9
2024-12-16,5.6,1.1,35.4,5.2,KOM 390-9
2024-12-17,0.0,0.2,0.3,1.1,KOM 390-9
2024-12-18,3.2,1.5,21.9,4.6,KOM 390-9
2024-12-19,5.6,2.7,36.9,4.4,KOM 390-9
2024-12-20,6.0,2.4,38.9,4.5,KOM 390-9
2024-12-21,7.6,2.6,45.8,4.4,KOM 390-9
2024-12-22,0.0,0.0,0.0,,KOM 390-9
2024-12-23,6.7,1.0,40.2,5.2,KOM 390-9
2024-12-24,5.9,0.8,37.0,5.4,KOM 390-9
2024-12-25,7.4,1.2,44.5,5.1,KOM 390-9
2024-12-26,5.0,1.4,29.7,4.5,KOM 390-9
2024-12-27,5.0,0.8,29.5,5.0,KOM 390-9
2024-12-28,5.2,0.7,30.2,5.0,KOM 390-9
2024-12-29,1.8,0.3,11.8,5.3,KOM 390-9
2024-12-30,0.0,0.0,0.0,,KOM 390-9
2024-12-31,0.0,0.0,0.0,,KOM 390-9
2024-12-01,10.6,1.1,108.2,9.2,KOM 390-4
2024-12-02,9.9,2.2,99.0,8.1,KOM 390-4
2024-12-03,13.6,3.2,134.5,8.0,KOM 390-4
2024-12-04,13.1,4.2,133.0,7.6,KOM 390-4
2024-12-05,8.9,5.0,89.7,6.4,KOM 390-4
2024-12-06,11.8,2.2,118.7,8.4,KOM 390-4
2024-12-07,11.6,2.6,115.5,8.1,KOM 390-4
2024-12-08,12.6,1.3,128.6,9.2,KOM 390-4
2024-12-09,10.6,2.8,105.0,7.7,KOM 390-4
2024-12-10,16.3,1.9,161.0,8.8,KOM 390-4
2024-12-11,14.7,3.6,144.8,7.9,KOM 390-4
2024-12-12,13.5,3.4,132.9,7.8,KOM 390-4
2024-12-13,15.7,3.3,154.9,8.1,KOM 390-4
2024-12-14,16.2,2.5,161.1,8.6,KOM 390-4
2024-12-15,12.5,2.4,122.7,8.2,KOM 390-4
2024-12-16,12.5,1.3,128.4,9.2,KOM 390-4
2024-12-17,17.2,2.8,173.7,8.7,KOM 390-4
2024-12-18,17.0,1.7,171.5,9.1,KOM 390-4
2024-12-19,17.3,1.4,172.4,9.2,KOM 390-4
2024-12-20,14.7,2.0,142.8,8.5,KOM 390-4
2024-12-21,14.5,2.1,146.1,8.7,KOM 390-4
2024-12-22,9.1,1.1,91.1,8.9,KOM 390-4
2024-12-23,11.9,1.7,120.8,8.8,KOM 390-4
2024-12-24,12.2,1.9,125.6,8.8,KOM 390-4
2024-12-25,15.8,1.6,164.2,9.4,KOM 390-4
2024-12-26,13.5,1.3,141.0,9.5,KOM 390-4
2024-12-27,12.2,1.7,125.3,9.0,KOM 390-4
2024-12-28,12.0,3.3,124.2,8.1,KOM 390-4
2024-12-29,5.7,1.1,56.2,8.2,KOM 390-4
2024-12-30,0.0,0.0,0.0,,KOM 390-4
2024-12-31,0.0,0.0,0.0,,KOM 390-4
2024-11-01,8.0,1.1,85.4,9.4,KOM 390-4
2024-11-02,8.1,1.0,83.9,9.2,KOM 390-4
2024-11-03,7.6,1.4,78.6,8.7,KOM 390-4
2024-11-04,4.7,2.0,45.8,6.7,KOM 390-4
2024-11-05,11.3,2.3,110.4,8.0,KOM 390-4
2024-11-06,10.9,2.1,105.0,8.0,KOM 390-4
2024-11-07,1.9,5.4,22.5,3.0,KOM 390-4
2024-11-08,6.0,2.1,59.0,7.2,KOM 390-4
2024-11-09,5.1,2.5,49.0,6.4,KOM 390-4
2024-11-10,4.7,0.9,45.0,7.8,KOM 390-4
2024-11-11,8.1,2.1,79.5,7.7,KOM 390-4
2024-11-12,10.0,5.6,98.6,6.3,KOM 390-4
2024-11-13,6.2,3.9,61.4,6.0,KOM 390-4
2024-11-14,12.5,5.4,124.1,6.9,KOM 390-4
2024-11-15,10.5,3.1,101.3,7.4,KOM 390-4
2024-11-16,2.3,0.8,22.3,7.1,KOM 390-4
2024-11-17,6.1,1.2,57.5,7.8,KOM 390-4
2024-11-18,9.1,2.0,92.1,8.2,KOM 390-4
2024-11-19,15.9,2.0,161.5,8.9,KOM 390-4
2024-11-20,8.3,1.8,84.4,8.2,KOM 390-4
2024-11-21,2.2,0.9,20.3,6.4,KOM 390-4
2024-11-22,8.3,0.9,85.5,9.2,KOM 390-4
2024-11-23,5.9,2.5,61.2,7.2,KOM 390-4
2024-11-24,7.6,1.8,76.5,8.0,KOM 390-4
2024-11-25,8.3,4.0,81.4,6.5,KOM 390-4
2024-11-26,12.4,2.2,122.7,8.3,KOM 390-4
2024-11-27,11.4,2.2,114.1,8.3,KOM 390-4
2024-11-28,14.6,2.5,147.1,8.6,KOM 390-4
2024-11-29,13.6,2.3,135.2,8.5,KOM 390-4
2024-11-30,15.4,2.9,147.8,8.0,KOM 390-4
2024-11-01,0.0,0.0,0.1,2.5,KOM 390-9
2024-11-02,0.0,0.0,0.0,,KOM 390-9
2024-11-03,3.4,2.2,27.3,4.7,KOM 390-9
2024-11-04,4.3,1.3,45.9,8.0,KOM 390-9
2024-11-05,6.3,1.5,63.6,8.1,KOM 390-9
2024-11-06,11.8,2.0,116.6,8.4,KOM 390-9
2024-11-07,9.9,2.0,99.0,8.3,KOM 390-9
2024-11-08,7.9,2.2,78.9,7.7,KOM 390-9
2024-11-09,5.7,3.2,57.3,6.3,KOM 390-9
2024-11-10,4.7,1.6,45.1,7.1,KOM 390-9
2024-11-11,2.1,1.8,21.6,5.4,KOM 390-9
2024-11-12,4.4,2.9,45.5,6.2,KOM 390-9
2024-11-13,9.4,1.8,92.7,8.2,KOM 390-9
2024-11-14,6.9,1.5,66.0,7.7,KOM 390-9
2024-11-15,7.5,1.1,72.8,8.4,KOM 390-9
2024-11-16,11.8,2.6,116.5,8.0,KOM 390-9
2024-11-17,6.3,0.9,62.3,8.6,KOM 390-9
2024-11-18,10.1,1.6,97.1,8.2,KOM 390-9
2024-11-19,16.2,2.7,154.8,8.1,KOM 390-9
2024-11-20,13.8,2.1,134.7,8.4,KOM 390-9
2024-11-21,14.2,2.2,134.4,8.1,KOM 390-9
2024-11-22,16.3,2.3,151.7,8.1,KOM 390-9
2024-11-23,11.1,1.3,102.2,8.2,KOM 390-9
2024-11-24,10.3,1.3,93.1,8.0,KOM 390-9
2024-11-25,13.7,1.1,134.9,9.0,KOM 390-9
2024-11-26,15.7,2.5,153.1,8.4,KOM 390-9
2024-11-27,14.7,1.7,141.9,8.6,KOM 390-9
2024-11-28,16.8,2.5,160.1,8.3,KOM 390-9
2024-11-29,1.8,2.9,14.7,3.1,KOM 390-9
2024-11-30,0.6,0.9,3.4,2.2,KOM 390-9
2024-11-01,6.7,1.6,66.2,7.9,KOM 390-10
2024-11-02,8.0,0.9,84.3,9.3,KOM 390-10
2024-11-03,6.3,2.7,67.5,7.4,KOM 390-10
2024-11-04,5.1,1.3,51.9,7.9,KOM 390-10
2024-11-05,6.6,1.3,70.6,8.8,KOM 390-10
2024-11-06,15.0,1.3,157.4,9.6,KOM 390-10
2024-11-07,3.3,0.6,35.2,8.7,KOM 390-10
2024-11-08,7.6,1.4,82.1,9.1,KOM 390-10
2024-11-09,7.5,1.5,81.4,9.0,KOM 390-10
2024-11-10,5.3,1.0,57.7,9.0,KOM 390-10
2024-11-11,4.8,0.8,50.4,8.9,KOM 390-10
2024-11-12,8.7,1.7,92.3,8.7,KOM 390-10
2024-11-13,8.7,1.3,91.3,9.1,KOM 390-10
2024-11-14,10.2,3.2,110.3,8.2,KOM 390-10
2024-11-15,8.7,4.9,90.8,6.6,KOM 390-10
2024-11-16,7.9,4.2,82.1,6.7,KOM 390-10
2024-11-17,5.7,1.5,59.3,8.1,KOM 390-10
2024-11-18,7.8,2.4,79.9,7.8,KOM 390-10
2024-11-19,13.1,5.4,136.0,7.3,KOM 390-10
2024-11-20,11.2,4.0,109.9,7.2,KOM 390-10
2024-11-21,10.8,5.0,110.1,6.9,KOM 390-10
2024-11-22,13.8,4.1,143.0,8.0,KOM 390-10
2024-11-23,8.0,2.4,83.2,7.9,KOM 390-10
2024-11-24,5.3,2.6,54.1,6.8,KOM 390-10
2024-11-25,8.4,5.6,88.5,6.3,KOM 390-10
2024-11-26,12.4,5.6,129.8,7.2,KOM 390-10
2024-11-27,10.4,2.0,107.9,8.6,KOM 390-10
2024-11-28,12.5,4.6,130.6,7.6,KOM 390-10
2024-11-29,11.2,3.1,117.1,8.1,KOM 390-10
2024-11-30,6.9,3.1,74.2,7.4,KOM 390-10
2025-03-01,13.9,2.8,154.6,9.2,KOM 360-13
2025-03-02,11.8,2.3,131.6,9.3,KOM 360-13
2025-03-03,10.7,3.0,116.9,8.5,KOM 360-13
2025-03-04,11.4,3.1,128.3,8.8,KOM 360-13
2025-03-05,5.7,2.6,65.7,7.8,KOM 360-13
2025-03-06,3.5,2.6,37.2,6.0,KOM 360-13
2025-03-07,8.7,2.7,98.4,8.6,KOM 360-13
2025-03-08,15.1,3.3,173.0,9.3,KOM 360-13
2025-03-09,3.8,1.1,43.2,8.7,KOM 360-13
2025-03-10,8.0,1.5,90.1,9.4,KOM 360-13
2025-03-11,7.6,1.5,85.9,9.3,KOM 360-13
2025-03-12,13.1,1.5,146.8,10.0,KOM 360-13
2025-03-13,11.5,3.1,128.2,8.7,KOM 360-13
2025-03-14,15.9,2.9,181.6,9.6,KOM 360-13
2025-03-15,16.2,1.8,178.5,9.9,KOM 360-13
2025-03-16,10.1,2.2,111.2,9.0,KOM 360-13
2025-03-17,11.1,2.7,117.8,8.5,KOM 360-13
2025-03-18,12.7,1.8,130.4,9.0,KOM 360-13
2025-03-19,13.2,3.6,143.7,8.5,KOM 360-13
2025-03-20,10.9,2.0,111.9,8.6,KOM 360-13
2025-03-21,10.4,2.7,116.3,8.8,KOM 360-13
2025-03-22,15.2,3.5,169.9,9.0,KOM 360-13
2025-03-23,10.9,2.7,120.7,8.8,KOM 360-13
2025-03-24,9.6,2.9,105.7,8.4,KOM 360-13
2025-03-25,15.0,2.8,163.7,9.1,KOM 360-13
2025-03-26,14.2,3.7,158.4,8.8,KOM 360-13
2025-03-27,14.4,3.1,158.8,9.0,KOM 360-13
2025-03-28,0.6,0.1,7.7,9.4,KOM 360-13
2025-03-29,12.3,1.5,134.0,9.6,KOM 360-13
2025-03-30,10.1,1.4,109.3,9.4,KOM 360-13
2025-03-31,3.7,0.4,41.0,9.6,KOM 360-13
2025-02-28,6.3,1.1,70.1,9.4,KOM 360-13
2025-04-01,12.7,1.5,140.0,9.8,KOM 360-13
2025-04-02,2.0,0.3,24.1,9.8,KOM 360-13
2025-04-03,0.2,0.0,0.6,2.4,KOM 360-13
2025-04-04,9.3,1.3,104.8,9.8,KOM 360-13
2025-04-05,16.9,1.0,189.8,10.5,KOM 360-13
2025-04-06,10.3,1.8,116.7,9.6,KOM 360-13
2025-04-07,12.3,1.0,139.7,10.4,KOM 360-13
2025-04-08,17.0,1.9,193.1,10.2,KOM 360-13
2025-04-09,11.2,1.7,126.3,9.7,KOM 360-13
2025-04-10,7.0,1.4,80.0,9.4,KOM 360-13
2025-04-11,16.6,1.9,182.0,9.8,KOM 360-13
2025-04-12,16.0,1.4,178.0,10.2,KOM 360-13
2025-04-13,11.4,2.0,130.2,9.6,KOM 360-13
2025-04-14,7.3,2.0,77.4,8.2,KOM 360-13
2025-04-15,8.4,0.7,88.2,9.6,KOM 360-13
2025-04-16,8.8,0.7,92.0,9.6,KOM 360-13
2025-04-17,8.7,0.6,93.8,10.0,KOM 360-13
2025-04-18,8.0,1.4,84.6,8.9,KOM 360-13
2025-04-19,12.2,2.1,133.6,9.3,KOM 360-13
2025-04-20,13.2,0.9,142.5,10.1,KOM 360-13
2025-04-21,11.0,2.1,115.3,8.7,KOM 360-13
2025-04-22,7.3,0.9,76.5,9.2,KOM 360-13
2025-04-23,6.9,3.3,70.8,6.9,KOM 360-13
2025-04-24,0.9,0.4,8.3,6.1,KOM 360-13
2025-04-25,3.3,0.5,30.0,7.6,KOM 360-13
2025-04-26,3.4,0.8,37.0,8.7,KOM 360-13
2025-04-27,5.9,0.3,65.8,10.5,KOM 360-13
2025-04-28,0.0,0.0,0.0,,KOM 360-13
2025-04-29,0.0,0.0,0.3,3.0,KOM 360-13
2025-04-30,6.9,1.8,78.6,8.9,KOM 360-13
2025-05-01,6.2,1.6,70.1,9.0,KOM 360-13
2025-05-02,5.7,1.3,57.9,8.2,KOM 360-13
2025-05-03,6.6,2.0,69.0,7.9,KOM 360-13
2025-05-04,11.5,1.9,118.4,8.8,KOM 360-13
2025-05-05,5.7,1.3,57.7,8.1,KOM 360-13
2025-05-06,4.7,0.9,44.7,7.8,KOM 360-13
2025-05-07,1.6,0.1,16.7,9.3,KOM 360-13
2025-05-08,0.4,0.2,4.3,6.8,KOM 360-13
2025-05-09,7.0,1.2,72.5,8.7,KOM 360-13
2025-05-10,11.3,2.6,122.9,8.8,KOM 360-13
2025-05-11,6.4,1.9,62.4,7.4,KOM 360-13
2025-05-12,3.3,0.9,32.1,7.6,KOM 360-13
2025-05-13,11.7,1.9,120.4,8.8,KOM 360-13
2025-05-14,13.6,1.4,139.2,9.2,KOM 360-13
2025-05-15,12.6,1.6,129.5,9.1,KOM 360-13
2025-05-16,7.6,1.3,78.0,8.6,KOM 360-13
2025-05-17,0.1,0.0,1.7,7.2,KOM 360-13
2025-05-18,8.0,2.0,84.5,8.4,KOM 360-13
2025-05-19,6.0,0.9,62.8,9.1,KOM 360-13
2025-05-20,5.9,1.5,62.3,8.3,KOM 360-13
2025-05-21,9.3,1.4,99.8,9.2,KOM 360-13
2025-05-22,13.1,0.8,142.7,10.2,KOM 360-13
2025-05-23,12.0,1.4,131.7,9.7,KOM 360-13
2025-05-24,6.9,2.1,77.4,8.5,KOM 360-13
2025-05-25,6.4,2.5,68.1,7.6,KOM 360-13
2025-05-26,6.1,6.3,74.3,5.9,KOM 360-13
2025-05-27,5.3,5.0,64.8,6.3,KOM 360-13
2025-05-28,10.0,5.1,118.2,7.8,KOM 360-13
2025-05-29,12.5,6.2,134.4,7.2,KOM 360-13
2025-05-30,8.9,6.0,100.3,6.7,KOM 360-13
2025-05-31,12.5,5.6,133.5,7.4,KOM 360-13
2025-01-01,0.0,0.0,0.0,,KOM 390-9
2025-01-02,6.4,2.9,64.3,6.8,KOM 390-9
2025-01-03,13.5,1.4,133.9,8.9,KOM 390-9
2025-01-04,17.0,2.1,166.9,8.7,KOM 390-9
2025-01-05,8.2,0.8,84.6,9.4,KOM 390-9
2025-01-06,11.4,1.5,114.7,8.8,KOM 390-9
2025-01-07,17.2,2.1,174.1,9.0,KOM 390-9
2025-01-08,16.1,2.4,166.0,8.9,KOM 390-9
2025-01-09,16.2,2.4,164.9,8.8,KOM 390-9
2025-01-10,12.5,2.1,121.8,8.3,KOM 390-9
2025-01-11,0.2,0.9,1.7,1.5,KOM 390-9
2025-01-12,6.2,1.7,56.0,7.0,KOM 390-9
2025-01-13,11.2,2.3,112.4,8.3,KOM 390-9
2025-01-14,16.4,1.7,164.1,9.0,KOM 390-9
2025-01-15,15.9,1.4,159.7,9.2,KOM 390-9
2025-01-16,17.0,1.1,172.7,9.5,KOM 390-9
2025-01-17,12.0,1.3,120.8,9.1,KOM 390-9
2025-01-18,16.6,1.7,169.4,9.2,KOM 390-9
2025-01-19,12.0,1.2,119.1,8.9,KOM 390-9
2025-01-20,8.2,1.2,85.3,9.0,KOM 390-9
2025-01-21,12.3,1.2,127.3,9.4,KOM 390-9
2025-01-22,8.1,1.4,80.9,8.5,KOM 390-9
2025-01-23,15.0,3.4,152.1,8.2,KOM 390-9
2025-01-24,15.3,3.7,154.9,8.1,KOM 390-9
2025-01-25,12.1,5.8,120.3,6.7,KOM 390-9
2025-01-26,12.1,1.8,120.2,8.6,KOM 390-9
2025-01-27,11.9,2.1,123.0,8.7,KOM 390-9
2025-01-28,16.1,2.0,162.5,9.0,KOM 390-9
2025-01-29,15.4,2.0,157.1,9.0,KOM 390-9
2025-01-30,16.2,3.4,160.1,8.1,KOM 390-9
2025-01-31,15.4,4.1,157.9,8.0,KOM 390-9
2025-02-01,16.5,2.6,170.6,8.9,KOM 390-9
2025-02-02,11.7,1.9,119.1,8.7,KOM 390-9
2025-02-03,13.0,1.1,126.5,8.8,KOM 390-9
2025-02-04,15.7,2.4,152.2,8.4,KOM 390-9
2025-02-05,15.1,2.3,148.6,8.5,KOM 390-9
2025-02-06,14.6,3.1,140.5,7.9,KOM 390-9
2025-02-07,10.3,3.6,102.2,7.3,KOM 390-9
2025-02-08,9.7,2.3,94.5,7.8,KOM 390-9
2025-02-09,6.0,2.5,59.2,6.9,KOM 390-9
2025-02-10,3.6,1.6,34.5,6.5,KOM 390-9
2025-02-11,6.0,1.8,54.8,7.0,KOM 390-9
2025-02-12,7.0,2.0,66.6,7.3,KOM 390-9
2025-02-13,0.0,0.0,0.0,,KOM 390-9
2025-02-14,0.0,0.0,0.0,0.0,KOM 390-9
2025-02-15,3.3,0.2,26.7,7.4,KOM 390-9
2025-02-16,0.0,0.0,0.0,,KOM 390-9
2025-02-17,0.0,0.0,0.0,,KOM 390-9
2025-02-18,3.2,1.1,26.3,6.0,KOM 390-9
2025-02-19,7.0,1.1,70.3,8.5,KOM 390-9
2025-02-20,3.7,0.5,35.6,8.3,KOM 390-9
2025-02-21,3.8,1.4,37.1,7.0,KOM 390-9
2025-02-22,5.7,1.4,51.9,7.2,KOM 390-9
2025-02-23,5.2,1.1,46.2,7.2,KOM 390-9
2025-02-24,7.7,0.6,75.3,9.0,KOM 390-9
2025-02-25,5.9,1.3,58.6,8.0,KOM 390-9
2025-02-26,7.8,1.2,78.7,8.6,KOM 390-9
2025-02-27,5.8,1.0,57.7,8.5,KOM 390-9
2025-02-28,12.0,2.1,121.9,8.6,KOM 390-9
2025-03-01,12.4,3.6,125.1,7.8,KOM 390-9
2025-03-02,9.6,3.5,100.2,7.6,KOM 390-9
2025-03-03,6.5,2.0,66.8,7.8,KOM 390-9
2025-03-04,10.3,2.3,103.1,8.1,KOM 390-9
2025-03-05,12.8,3.0,128.0,8.1,KOM 390-9
2025-03-06,12.3,2.2,120.6,8.2,KOM 390-9
2025-03-07,15.1,2.1,149.0,8.7,KOM 390-9
2025-03-08,15.8,2.3,154.7,8.5,KOM 390-9
2025-03-09,12.8,0.9,123.9,9.0,KOM 390-9
2025-03-10,12.3,1.6,126.3,9.0,KOM 390-9
2025-03-11,17.7,1.3,182.4,9.6,KOM 390-9
2025-03-12,17.9,1.7,172.6,8.8,KOM 390-9
2025-03-13,17.2,1.1,170.9,9.3,KOM 390-9
2025-03-14,17.3,1.5,169.1,9.0,KOM 390-9
2025-03-15,16.3,1.6,159.0,8.8,KOM 390-9
2025-03-16,11.1,1.1,111.7,9.0,KOM 390-9
2025-03-17,7.4,1.3,73.9,8.4,KOM 390-9
2025-03-18,6.8,1.6,69.9,8.2,KOM 390-9
2025-03-19,5.9,2.4,60.8,7.3,KOM 390-9
2025-03-20,7.1,2.0,75.6,8.3,KOM 390-9
2025-03-21,9.6,2.2,95.8,8.1,KOM 390-9
2025-03-22,11.2,3.1,104.1,7.2,KOM 390-9
2025-03-23,13.2,3.0,127.0,7.8,KOM 390-9
2025-03-24,5.5,1.1,51.9,7.7,KOM 390-9
2025-03-25,7.2,1.7,67.2,7.4,KOM 390-9
2025-03-26,8.9,3.2,87.5,7.2,KOM 390-9
2025-03-27,6.9,1.3,65.0,7.9,KOM 390-9
2025-03-28,0.9,0.4,9.1,6.4,KOM 390-9
2025-03-29,4.1,1.5,38.5,6.8,KOM 390-9
2025-03-30,7.6,1.6,71.3,7.7,KOM 390-9
2025-03-31,4.1,0.9,39.9,7.9,KOM 390-9
2025-04-01,5.4,0.7,53.2,8.6,KOM 390-9
2025-04-02,0.0,0.0,0.2,5.7,KOM 390-9
2025-04-03,0.3,0.0,1.6,3.8,KOM 390-9
2025-04-04,5.3,0.6,51.9,8.7,KOM 390-9
2025-04-05,4.6,1.7,40.2,6.3,KOM 390-9
2025-04-06,6.1,1.7,56.9,7.2,KOM 390-9
2025-04-07,7.7,3.8,78.8,6.8,KOM 390-9
2025-04-08,7.1,2.0,67.4,7.3,KOM 390-9
2025-04-09,0.3,0.0,3.1,7.6,KOM 390-9
2025-04-10,1.0,0.1,10.8,9.5,KOM 390-9
2025-04-11,3.7,1.6,32.1,6.0,KOM 390-9
2025-04-12,6.3,2.4,58.7,6.7,KOM 390-9
2025-04-13,6.6,1.9,65.4,7.6,KOM 390-9
2025-04-14,0.0,0.4,0.5,1.0,KOM 390-9
2025-04-15,4.4,1.3,42.7,7.4,KOM 390-9
2025-04-16,0.4,0.2,4.0,5.2,KOM 390-9
2025-04-17,5.5,2.7,54.0,6.5,KOM 390-9
2025-04-18,10.6,2.3,103.2,7.9,KOM 390-9
2025-04-19,6.0,2.8,59.2,6.7,KOM 390-9
2025-04-20,5.6,2.1,54.8,7.0,KOM 390-9
2025-04-21,0.4,0.1,4.1,7.4,KOM 390-9
2025-04-22,3.4,0.5,27.0,6.6,KOM 390-9
2025-04-23,6.8,1.0,62.9,8.0,KOM 390-9
2025-04-24,8.8,1.0,83.5,8.4,KOM 390-9
2025-04-25,8.2,1.0,76.0,8.2,KOM 390-9
2025-04-26,0.6,0.0,5.7,7.8,KOM 390-9
2025-04-27,0.0,0.0,0.0,,KOM 390-9
2025-04-28,0.0,0.0,0.0,,KOM 390-9
2025-04-29,0.0,0.0,0.0,,KOM 390-9
2025-04-30,5.3,0.9,43.5,6.8,KOM 390-9
2025-05-01,7.2,1.4,62.5,7.2,KOM 390-9
2025-05-02,5.8,0.7,61.4,9.4,KOM 390-9
2025-05-03,3.9,0.3,41.3,9.7,KOM 390-9
2025-05-04,7.7,0.9,81.8,9.4,KOM 390-9
2025-05-05,4.6,1.9,48.0,7.3,KOM 390-9
2025-05-06,10.6,2.8,111.1,8.2,KOM 390-9
2025-05-07,11.2,2.2,114.3,8.4,KOM 390-9
2025-05-08,9.3,2.7,97.8,8.1,KOM 390-9
2025-05-09,11.5,2.6,119.7,8.4,KOM 390-9
2025-05-10,14.4,4.0,150.1,8.1,KOM 390-9
2025-05-11,8.5,3.7,82.4,6.7,KOM 390-9
2025-05-12,7.3,2.6,74.0,7.4,KOM 390-9
2025-05-13,6.7,1.2,68.8,8.6,KOM 390-9
2025-05-14,9.4,1.7,92.9,8.3,KOM 390-9
2025-05-15,4.8,1.0,46.6,7.9,KOM 390-9
2025-05-16,5.9,2.0,60.9,7.6,KOM 390-9
2025-05-17,0.0,0.0,0.0,,KOM 390-9
2025-05-18,5.6,1.5,54.1,7.6,KOM 390-9
2025-05-19,0.0,0.0,0.0,,KOM 390-9
2025-05-20,0.0,0.0,0.0,,KOM 390-9
2025-05-21,0.0,0.0,0.7,7.4,KOM 390-9
2025-05-22,0.1,0.0,1.8,8.1,KOM 390-9
2025-05-23,0.4,0.1,2.9,4.7,KOM 390-9
2025-05-24,1.9,0.4,18.5,8.0,KOM 390-9
2025-05-25,0.0,0.0,0.0,,KOM 390-9
2025-05-26,4.7,2.5,37.8,5.2,KOM 390-9
2025-05-27,3.8,1.1,33.1,6.7,KOM 390-9
2025-05-28,7.6,1.2,69.8,7.8,KOM 390-9
2025-05-29,4.7,1.6,44.1,6.9,KOM 390-9
2025-05-30,5.4,1.1,50.1,7.5,KOM 390-9
2025-05-31,4.8,1.9,47.5,6.9,KOM 390-9
2025-02-28,10.5,0.7,116.1,10.3,KOM 360-14
2025-03-01,15.5,1.8,174.9,10.0,KOM 360-14
2025-03-02,12.3,1.9,135.4,9.4,KOM 360-14
2025-03-03,10.3,3.4,119.7,8.6,KOM 360-14
2025-03-04,15.8,2.9,182.6,9.7,KOM 360-14
2025-03-05,15.3,2.6,174.0,9.7,KOM 360-14
2025-03-06,12.5,2.5,139.8,9.3,KOM 360-14
2025-03-07,14.8,2.2,169.8,9.9,KOM 360-14
2025-03-08,17.0,1.6,193.9,10.4,KOM 360-14
2025-03-09,11.7,2.1,136.8,9.9,KOM 360-14
2025-03-10,8.9,1.5,101.8,9.7,KOM 360-14
2025-03-11,15.9,1.3,178.1,10.3,KOM 360-14
2025-03-12,17.1,1.5,187.9,10.0,KOM 360-14
2025-03-13,16.9,1.9,189.3,10.0,KOM 360-14
2025-03-14,17.4,1.3,198.8,10.5,KOM 360-14
2025-03-15,12.2,1.5,137.9,10.0,KOM 360-14
2025-03-16,8.5,1.0,98.7,10.3,KOM 360-14
2025-03-17,11.7,2.0,125.2,9.1,KOM 360-14
2025-03-18,8.6,1.6,85.7,8.3,KOM 360-14
2025-03-19,13.4,1.6,140.3,9.3,KOM 360-14
2025-03-20,11.4,1.6,117.4,8.9,KOM 360-14
2025-03-21,9.3,1.6,96.3,8.8,KOM 360-14
2025-03-22,9.2,1.4,94.8,8.8,KOM 360-14
2025-03-23,8.4,0.9,88.2,9.3,KOM 360-14
2025-03-24,12.4,1.8,132.5,9.3,KOM 360-14
2025-03-25,13.8,1.7,143.6,9.2,KOM 360-14
2025-03-26,10.5,1.1,110.7,9.5,KOM 360-14
2025-03-27,7.3,1.1,80.0,9.4,KOM 360-14
2025-03-28,11.4,1.8,120.4,9.1,KOM 360-14
2025-03-29,10.7,2.7,115.9,8.6,KOM 360-14
2025-03-30,9.5,4.2,100.7,7.3,KOM 360-14
2025-03-31,6.3,0.9,69.6,9.6,KOM 360-14
2025-04-01,3.9,0.5,37.1,8.2,KOM 360-14
2025-04-02,4.2,0.5,41.9,8.8,KOM 360-14
2025-04-03,2.7,0.7,25.6,7.2,KOM 360-14
2025-04-04,6.4,1.2,63.6,8.3,KOM 360-14
2025-04-05,7.5,1.0,74.0,8.6,KOM 360-14
2025-04-06,7.5,1.2,73.9,8.4,KOM 360-14
2025-04-07,7.5,1.2,78.2,9.0,KOM 360-14
2025-04-08,5.5,1.3,55.9,8.1,KOM 360-14
2025-04-09,6.5,1.4,64.2,8.0,KOM 360-14
2025-04-10,3.9,0.5,40.3,9.0,KOM 360-14
2025-04-11,6.7,1.1,63.1,8.0,KOM 360-14
2025-04-12,7.2,1.1,72.5,8.7,KOM 360-14
2025-04-13,2.9,1.0,27.2,6.8,KOM 360-14
2025-04-14,10.9,3.5,118.9,8.2,KOM 360-14
2025-04-15,13.8,5.1,151.8,8.0,KOM 360-14
2025-04-16,11.6,7.0,132.7,7.1,KOM 360-14
2025-04-17,7.2,2.2,78.6,8.3,KOM 360-14
2025-04-18,9.4,3.5,106.9,8.2,KOM 360-14
2025-04-19,14.2,3.3,162.9,9.3,KOM 360-14
2025-04-20,11.1,2.4,125.0,9.2,KOM 360-14
2025-04-21,8.0,3.4,91.4,8.0,KOM 360-14
2025-04-22,8.9,4.0,107.0,8.2,KOM 360-14
2025-04-23,10.5,4.9,124.5,8.1,KOM 360-14
2025-04-24,10.5,3.4,124.5,8.9,KOM 360-14
2025-04-25,13.5,5.2,153.2,8.2,KOM 360-14
2025-04-26,5.6,3.9,65.4,6.8,KOM 360-14
2025-04-27,3.9,0.5,42.7,9.6,KOM 360-14
2025-04-28,0.0,0.0,0.0,,KOM 360-14
2025-04-29,0.1,0.0,1.9,8.2,KOM 360-14
2025-04-30,8.4,3.8,99.2,8.1,KOM 360-14
2025-05-01,11.6,5.6,134.7,7.8,KOM 360-14
2025-05-02,5.1,2.9,56.6,7.0,KOM 360-14
2025-05-03,3.5,1.0,40.5,8.9,KOM 360-14
2025-05-04,6.8,2.8,77.7,8.0,KOM 360-14
2025-05-05,9.2,5.1,102.7,7.2,KOM 360-14
2025-05-06,11.6,2.8,129.3,8.9,KOM 360-14
2025-05-07,11.1,3.2,124.2,8.6,KOM 360-14
2025-05-08,10.7,4.7,122.2,7.9,KOM 360-14
2025-05-09,11.8,3.6,134.8,8.7,KOM 360-14
2025-05-10,15.0,3.9,168.9,8.9,KOM 360-14
2025-05-11,9.4,3.2,107.1,8.5,KOM 360-14
2025-05-12,9.9,1.3,115.7,10.2,KOM 360-14
2025-05-13,8.4,1.6,92.1,9.1,KOM 360-14
2025-05-14,12.6,2.7,138.3,9.0,KOM 360-14
2025-05-15,12.3,3.5,129.1,8.1,KOM 360-14
2025-05-16,6.2,1.8,65.3,8.2,KOM 360-14
2025-05-17,0.0,0.0,0.0,,KOM 360-14
2025-05-18,7.9,3.1,86.5,7.8,KOM 360-14
2025-05-19,5.5,1.2,60.9,9.0,KOM 360-14
2025-05-20,9.1,3.3,103.8,8.3,KOM 360-14
2025-05-21,10.2,1.9,117.3,9.7,KOM 360-14
2025-05-22,13.1,2.1,148.4,9.7,KOM 360-14
2025-05-23,14.6,2.6,166.3,9.6,KOM 360-14
2025-05-24,16.7,3.1,184.7,9.3,KOM 360-14
2025-05-25,10.8,2.1,115.7,8.9,KOM 360-14
2025-05-26,11.0,2.3,119.9,8.9,KOM 360-14
2025-05-27,10.4,2.1,110.9,8.8,KOM 360-14
2025-05-28,12.7,2.0,136.6,9.3,KOM 360-14
2025-05-29,13.7,3.6,145.7,8.3,KOM 360-14
2025-05-30,11.2,3.4,116.5,7.9,KOM 360-14
2025-05-31,14.0,4.5,153.7,8.3,KOM 360-14
2025-01-01,0.0,0.0,0.0,,KOM 390-4
2025-01-02,0.0,0.0,0.0,,KOM 390-4
2025-01-03,2.4,0.7,14.7,4.6,KOM 390-4
2025-01-04,0.7,2.9,4.7,1.2,KOM 390-4
2025-01-05,3.7,0.8,36.7,8.1,KOM 390-4
2025-01-06,5.5,0.8,53.6,8.3,KOM 390-4
2025-01-07,11.7,2.1,117.0,8.4,KOM 390-4
2025-01-08,15.1,2.3,148.3,8.5,KOM 390-4
2025-01-09,14.9,2.7,145.0,8.2,KOM 390-4
2025-01-10,15.8,2.7,148.5,8.0,KOM 390-4
2025-01-11,17.1,2.3,164.5,8.4,KOM 390-4
2025-01-12,12.4,1.6,117.0,8.3,KOM 390-4
2025-01-13,12.5,2.0,121.7,8.3,KOM 390-4
2025-01-14,17.9,1.1,169.6,8.9,KOM 390-4
2025-01-15,17.5,1.3,164.6,8.7,KOM 390-4
2025-01-16,15.1,1.6,144.5,8.6,KOM 390-4
2025-01-17,14.4,1.4,140.1,8.9,KOM 390-4
2025-01-18,18.1,1.1,174.2,9.0,KOM 390-4
2025-01-19,12.5,1.4,119.8,8.5,KOM 390-4
2025-01-20,12.9,1.4,121.7,8.5,KOM 390-4
2025-01-21,17.1,1.9,164.5,8.6,KOM 390-4
2025-01-22,17.7,1.9,168.3,8.6,KOM 390-4
2025-01-23,17.9,1.7,171.8,8.7,KOM 390-4
2025-01-24,17.3,1.5,162.5,8.6,KOM 390-4
2025-01-25,11.4,0.7,112.2,9.2,KOM 390-4
2025-01-26,12.6,1.5,121.9,8.6,KOM 390-4
2025-01-27,13.0,1.4,124.3,8.6,KOM 390-4
2025-01-28,6.4,1.1,59.3,7.9,KOM 390-4
2025-01-29,12.5,1.2,118.5,8.6,KOM 390-4
2025-01-30,16.0,1.6,148.2,8.3,KOM 390-4
2025-01-31,15.5,1.4,142.0,8.3,KOM 390-4
2025-02-01,17.3,1.7,156.8,8.2,KOM 390-4
2025-02-02,12.9,1.1,110.8,7.9,KOM 390-4
2025-02-03,4.2,1.2,35.2,6.5,KOM 390-4
2025-02-04,0.1,0.3,0.8,1.5,KOM 390-4
2025-02-05,0.0,0.0,0.0,,KOM 390-4
2025-02-06,0.0,0.0,0.0,,KOM 390-4
2025-02-07,0.0,0.0,0.0,,KOM 390-4
2025-02-08,0.0,0.0,0.0,,KOM 390-4
2025-02-09,0.0,0.0,0.0,,KOM 390-4
2025-02-10,0.0,0.0,0.0,,KOM 390-4
2025-02-11,0.0,0.0,0.0,,KOM 390-4
2025-02-12,4.4,1.0,35.5,6.5,KOM 390-4
2025-02-13,0.0,0.0,0.0,,KOM 390-4
2025-02-14,0.1,0.0,1.5,9.1,KOM 390-4
2025-02-15,0.0,0.0,0.0,,KOM 390-4
2025-02-16,0.3,1.2,1.9,1.2,KOM 390-4
2025-02-17,5.1,0.8,30.1,5.0,KOM 390-4
2025-02-18,6.7,1.3,42.8,5.3,KOM 390-4
2025-02-19,0.1,0.0,0.6,3.0,KOM 390-4
2025-02-20,4.1,0.7,25.6,5.2,KOM 390-4
2025-02-21,3.0,0.7,17.4,4.6,KOM 390-4
2025-02-22,1.8,0.8,12.1,4.5,KOM 390-4
2025-02-23,1.9,0.6,11.9,4.5,KOM 390-4
2025-02-24,4.3,1.3,26.6,4.7,KOM 390-4
2025-02-25,0.0,0.0,0.6,7.0,KOM 390-4
2025-02-26,0.0,0.0,0.0,,KOM 390-4
2025-02-27,3.4,0.6,21.5,5.2,KOM 390-4
2025-02-28,5.9,1.7,38.2,4.9,KOM 390-4
2025-03-01,2.6,1.5,14.9,3.5,KOM 390-4
2025-03-02,0.4,0.1,2.0,3.2,KOM 390-4
2025-03-03,0.0,0.0,0.0,,KOM 390-4
2025-03-04,5.0,1.4,45.4,7.0,KOM 390-4
2025-03-05,1.1,0.2,7.6,5.4,KOM 390-4
2025-03-06,0.0,0.0,0.0,,KOM 390-4
2025-03-07,0.5,0.6,4.2,3.4,KOM 390-4
2025-03-08,7.9,0.7,66.1,7.6,KOM 390-4
2025-03-09,8.2,0.6,71.9,8.1,KOM 390-4
2025-03-10,4.6,0.6,33.8,6.5,KOM 390-4
2025-03-11,10.7,2.8,89.3,6.6,KOM 390-4
2025-03-12,10.3,3.6,87.0,6.2,KOM 390-4
2025-03-13,9.7,3.8,86.4,6.4,KOM 390-4
2025-03-14,12.1,4.4,107.2,6.5,KOM 390-4
2025-03-15,10.2,1.9,98.2,8.1,KOM 390-4
2025-03-16,7.7,0.9,76.5,8.8,KOM 390-4
2025-03-17,5.8,0.5,57.3,8.9,KOM 390-4
2025-03-18,6.4,1.3,59.1,7.6,KOM 390-4
2025-03-19,5.3,0.7,48.3,7.8,KOM 390-4
2025-03-20,7.7,1.1,75.8,8.5,KOM 390-4
2025-03-21,7.6,1.1,73.3,8.3,KOM 390-4
2025-03-22,15.4,2.0,138.2,7.9,KOM 390-4
2025-03-23,8.6,1.1,82.2,8.4,KOM 390-4
2025-03-24,11.9,2.2,112.8,8.0,KOM 390-4
2025-03-25,15.7,3.2,147.3,7.7,KOM 390-4
2025-03-26,13.1,4.5,126.8,7.2,KOM 390-4
2025-03-27,10.8,3.2,102.6,7.3,KOM 390-4
2025-03-28,11.4,1.4,108.2,8.4,KOM 390-4
2025-03-29,7.2,0.8,71.4,8.8,KOM 390-4
2025-03-30,8.4,0.8,81.9,8.8,KOM 390-4
2025-03-31,6.6,0.8,60.8,8.1,KOM 390-4
2025-04-01,8.1,1.1,76.9,8.3,KOM 390-4
2025-04-02,2.6,0.2,25.4,8.7,KOM 390-4
2025-04-03,0.0,0.0,0.1,6.9,KOM 390-4
2025-04-04,6.1,0.6,57.1,8.5,KOM 390-4
2025-04-05,13.2,1.8,122.4,8.1,KOM 390-4
2025-04-06,10.3,1.7,96.1,8.0,KOM 390-4
2025-04-07,8.9,0.8,87.5,8.9,KOM 390-4
2025-04-08,11.6,2.5,108.5,7.7,KOM 390-4
2025-04-09,6.1,1.4,56.4,7.5,KOM 390-4
2025-04-10,,,,,KOM 390-4
2025-04-11,14.8,4.0,138.2,7.3,KOM 390-4
2025-04-12,14.5,2.2,135.9,8.1,KOM 390-4
2025-04-13,11.5,2.1,106.8,7.8,KOM 390-4
2025-04-14,12.9,1.4,125.1,8.7,KOM 390-4
2025-04-15,16.5,2.2,162.1,8.6,KOM 390-4
2025-04-16,17.2,1.7,164.3,8.6,KOM 390-4
2025-04-17,11.2,1.5,106.9,8.3,KOM 390-4
2025-04-18,13.0,1.8,126.0,8.5,KOM 390-4
2025-04-19,12.6,3.6,122.5,7.6,KOM 390-4
2025-04-20,10.5,3.2,102.2,7.4,KOM 390-4
2025-04-21,6.1,1.8,60.4,7.6,KOM 390-4
2025-04-22,9.8,1.2,92.5,8.3,KOM 390-4
2025-04-23,10.9,2.7,103.2,7.5,KOM 390-4
2025-04-24,12.2,2.6,113.4,7.6,KOM 390-4
2025-04-25,15.6,3.0,148.2,7.9,KOM 390-4
2025-04-26,5.3,0.5,50.6,8.6,KOM 390-4
2025-04-27,0.0,0.0,0.2,4.9,KOM 390-4
2025-04-28,0.0,0.0,0.0,0.0,KOM 390-4
2025-04-29,0.5,0.3,5.1,5.4,KOM 390-4
2025-04-30,10.8,3.0,102.1,7.3,KOM 390-4
2025-05-01,12.0,3.0,114.1,7.6,KOM 390-4
2025-05-02,9.1,1.6,83.6,7.8,KOM 390-4
2025-05-03,6.0,1.5,56.7,7.4,KOM 390-4
2025-05-04,11.2,2.5,109.5,8.0,KOM 390-4
2025-05-05,6.2,2.1,59.1,7.1,KOM 390-4
2025-05-06,7.6,1.7,72.5,7.7,KOM 390-4
2025-05-07,4.0,1.3,35.1,6.5,KOM 390-4
2025-05-08,7.7,2.7,71.4,6.8,KOM 390-4
2025-05-09,5.9,2.9,51.7,5.8,KOM 390-4
2025-05-10,9.4,1.4,86.9,8.0,KOM 390-4
2025-05-11,8.0,1.2,77.0,8.3,KOM 390-4
2025-05-12,8.1,2.7,78.8,7.2,KOM 390-4
2025-05-13,13.5,3.7,125.6,7.2,KOM 390-4
2025-05-14,12.0,4.2,113.1,6.9,KOM 390-4
2025-05-15,11.8,3.6,107.8,6.9,KOM 390-4
2025-05-16,7.0,0.9,66.4,8.3,KOM 390-4
2025-05-17,0.1,0.0,1.4,6.1,KOM 390-4
2025-05-18,10.8,2.2,104.3,7.9,KOM 390-4
2025-05-19,7.1,1.6,70.7,8.0,KOM 390-4
2025-05-20,8.8,2.1,85.5,7.8,KOM 390-4
2025-05-21,2.4,1.1,18.7,5.2,KOM 390-4
2025-05-22,6.9,1.5,45.5,5.4,KOM 390-4
2025-05-23,5.9,2.4,39.6,4.7,KOM 390-4
2025-05-24,4.2,1.5,28.3,4.9,KOM 390-4
2025-05-25,3.7,2.2,25.0,4.1,KOM 390-4
2025-05-26,1.0,1.9,6.6,2.2,KOM 390-4
2025-05-27,0.8,0.5,6.1,4.2,KOM 390-4
2025-05-28,6.0,2.4,42.4,5.0,KOM 390-4
2025-05-29,2.6,1.0,18.7,5.1,KOM 390-4
2025-05-30,2.8,0.7,20.6,5.6,KOM 390-4
2025-05-31,0.7,0.0,5.3,6.7,KOM 390-4
2025-02-10,6.1,1.4,64.1,8.3,KOM 360-12
2025-02-11,15.1,3.7,165.7,8.8,KOM 360-12
2025-02-12,12.9,1.5,138.7,9.6,KOM 360-12
2025-02-13,12.6,1.4,139.7,9.9,KOM 360-12
2025-02-14,4.3,0.6,46.8,9.3,KOM 360-12
2025-02-15,16.2,1.2,183.1,10.5,KOM 360-12
2025-02-16,13.3,0.8,152.3,10.8,KOM 360-12
2025-02-17,8.4,1.1,95.3,9.9,KOM 360-12
2025-02-18,11.1,1.0,120.7,9.9,KOM 360-12
2025-02-19,13.4,1.3,137.9,9.3,KOM 360-12
2025-02-20,9.2,2.1,96.4,8.5,KOM 360-12
2025-02-21,5.3,1.4,58.1,8.5,KOM 360-12
2025-02-22,11.9,0.6,126.8,10.1,KOM 360-12
2025-02-23,9.2,0.5,102.8,10.5,KOM 360-12
2025-02-24,10.3,1.1,111.9,9.7,KOM 360-12
2025-02-25,12.7,1.9,134.0,9.1,KOM 360-12
2025-02-26,16.9,1.2,183.0,10.0,KOM 360-12
2025-02-27,15.6,2.2,171.5,9.6,KOM 360-12
2025-02-28,14.9,1.3,157.6,9.7,KOM 360-12
2025-03-01,15.6,1.8,167.6,9.6,KOM 360-12
2025-03-02,13.2,1.1,147.5,10.2,KOM 360-12
2025-03-03,10.7,3.8,114.5,7.9,KOM 360-12
2025-03-04,16.3,2.7,173.1,9.1,KOM 360-12
2025-03-05,14.0,4.9,150.8,8.0,KOM 360-12
2025-03-06,13.0,2.4,140.4,9.1,KOM 360-12
2025-03-07,14.6,2.2,161.8,9.6,KOM 360-12
2025-03-08,16.5,2.4,175.8,9.3,KOM 360-12
2025-03-09,12.6,1.1,137.5,9.9,KOM 360-12
2025-03-10,11.4,1.9,129.6,9.7,KOM 360-12
2025-03-11,12.3,1.8,139.0,9.8,KOM 360-12
2025-03-12,10.8,3.2,120.9,8.6,KOM 360-12
2025-03-13,11.9,2.0,123.0,8.8,KOM 360-12
2025-03-14,9.1,2.3,99.0,8.6,KOM 360-12
2025-03-15,11.4,2.1,123.3,9.0,KOM 360-12
2025-03-16,9.3,2.1,90.7,7.9,KOM 360-12
2025-03-17,7.6,1.7,83.4,9.0,KOM 360-12
2025-03-18,12.0,2.0,132.0,9.4,KOM 360-12
2025-03-19,13.3,3.4,151.9,9.0,KOM 360-12
2025-03-20,10.6,3.0,122.4,8.9,KOM 360-12
2025-03-21,7.9,1.1,85.2,9.4,KOM 360-12
2025-03-22,13.0,2.0,139.0,9.2,KOM 360-12
2025-03-23,12.1,1.5,126.9,9.2,KOM 360-12
2025-03-24,12.5,1.7,138.8,9.7,KOM 360-12
2025-03-25,16.8,1.8,175.6,9.4,KOM 360-12
2025-03-26,13.4,2.4,145.3,9.1,KOM 360-12
2025-03-27,15.3,2.2,166.8,9.5,KOM 360-12
2025-03-28,12.4,1.3,137.2,10.0,KOM 360-12
2025-03-29,13.3,2.1,147.7,9.5,KOM 360-12
2025-03-30,12.4,1.4,137.7,9.9,KOM 360-12
2025-03-31,9.4,0.8,104.8,10.2,KOM 360-12
2025-04-01,0.9,0.3,9.6,7.1,KOM 360-12
2025-04-02,0.0,0.0,0.0,,KOM 360-12
2025-04-03,0.3,0.0,1.5,4.0,KOM 360-12
2025-04-04,7.1,1.9,81.1,9.0,KOM 360-12
2025-04-05,10.8,2.6,106.9,7.9,KOM 360-12
2025-04-06,11.1,2.3,126.8,9.4,KOM 360-12
2025-04-07,7.7,5.1,87.3,6.8,KOM 360-12
2025-04-08,14.0,4.9,156.0,8.2,KOM 360-12
2025-04-09,8.9,3.2,99.2,8.1,KOM 360-12
2025-04-10,5.6,1.4,61.9,8.8,KOM 360-12
2025-04-11,6.3,2.4,72.0,8.2,KOM 360-12
2025-04-12,8.0,4.4,90.9,7.3,KOM 360-12
2025-04-13,7.9,2.7,86.4,8.1,KOM 360-12
2025-04-14,10.9,3.3,117.1,8.2,KOM 360-12
2025-04-15,14.7,3.2,158.8,8.8,KOM 360-12
2025-04-16,11.4,5.9,130.5,7.5,KOM 360-12
2025-04-17,8.6,2.3,93.3,8.5,KOM 360-12
2025-04-18,11.8,2.1,129.6,9.3,KOM 360-12
2025-04-19,10.4,3.4,116.8,8.4,KOM 360-12
2025-04-20,7.9,1.7,85.9,8.8,KOM 360-12
2025-04-21,10.3,2.6,111.8,8.6,KOM 360-12
2025-04-22,11.3,1.6,117.8,9.1,KOM 360-12
2025-04-23,12.8,3.5,141.1,8.6,KOM 360-12
2025-04-24,13.8,2.7,152.2,9.2,KOM 360-12
2025-04-25,15.7,2.2,167.0,9.3,KOM 360-12
2025-04-26,5.8,0.9,60.0,8.9,KOM 360-12
2025-04-27,4.5,0.4,47.5,9.5,KOM 360-12
2025-04-28,0.0,0.0,0.0,,KOM 360-12
2025-04-29,0.5,0.3,5.1,5.6,KOM 360-12
2025-04-30,12.0,2.9,124.9,8.3,KOM 360-12
2025-05-01,10.1,1.8,107.4,9.0,KOM 360-12
2025-05-02,5.5,1.1,59.0,8.7,KOM 360-12
2025-05-03,7.1,0.9,75.8,9.3,KOM 360-12
2025-05-04,8.6,1.2,89.4,9.0,KOM 360-12
2025-05-05,12.1,1.8,130.3,9.3,KOM 360-12
2025-05-06,10.3,3.1,107.9,8.0,KOM 360-12
2025-05-07,9.9,3.2,104.5,7.9,KOM 360-12
2025-05-08,12.4,3.0,130.5,8.4,KOM 360-12
2025-05-09,9.7,3.7,107.4,8.0,KOM 360-12
2025-05-10,11.4,2.1,123.7,9.1,KOM 360-12
2025-05-11,9.9,2.9,104.5,8.1,KOM 360-12
2025-05-12,8.1,3.0,87.1,7.8,KOM 360-12
2025-05-13,10.4,2.3,107.9,8.4,KOM 360-12
2025-05-14,11.9,3.9,124.1,7.8,KOM 360-12
2025-05-15,10.7,4.5,121.1,8.0,KOM 360-12
2025-05-16,6.4,4.3,78.2,7.2,KOM 360-12
2025-05-17,3.0,0.8,34.0,8.7,KOM 360-12
2025-05-18,7.9,5.4,95.3,7.1,KOM 360-12
2025-05-19,10.9,3.0,122.0,8.7,KOM 360-12
2025-05-20,9.5,3.2,109.1,8.5,KOM 360-12
2025-05-21,9.0,2.7,101.3,8.6,KOM 360-12
2025-05-22,13.3,2.6,149.4,9.3,KOM 360-12
2025-05-23,13.0,1.5,144.9,9.9,KOM 360-12
2025-05-24,16.0,3.0,183.9,9.6,KOM 360-12
2025-05-25,10.0,1.5,114.3,9.9,KOM 360-12
2025-05-26,10.7,2.3,120.9,9.2,KOM 360-12
2025-05-27,10.9,3.5,118.2,8.2,KOM 360-12
2025-05-28,12.4,3.1,132.0,8.5,KOM 360-12
2025-05-29,14.5,3.9,156.8,8.5,KOM 360-12
2025-05-30,11.9,3.9,129.2,8.2,KOM 360-12
2025-05-31,13.9,4.0,155.3,8.6,KOM 360-12
2025-01-01,0.0,0.0,0.0,,KOM 390-10
2025-01-02,0.0,0.0,0.0,,KOM 390-10
2025-01-03,0.2,0.9,1.6,1.4,KOM 390-10
2025-01-04,0.0,0.0,0.3,2.6,KOM 390-10
2025-01-05,0.0,0.0,0.0,,KOM 390-10
2025-01-06,0.1,0.1,0.7,2.9,KOM 390-10
2025-01-07,0.0,0.0,0.0,,KOM 390-10
2025-01-08,0.6,1.1,3.6,2.0,KOM 390-10
2025-01-09,0.0,0.0,0.0,,KOM 390-10
2025-01-10,0.1,0.1,1.0,2.9,KOM 390-10
2025-01-11,0.2,0.5,1.8,2.2,KOM 390-10
2025-01-12,0.1,0.0,0.7,3.9,KOM 390-10
2025-01-13,0.5,0.9,3.2,2.2,KOM 390-10
2025-01-14,0.9,0.8,4.9,2.7,KOM 390-10
2025-01-15,0.0,0.0,0.1,1.2,KOM 390-10
2025-01-16,0.0,0.0,0.0,,KOM 390-10
2025-01-17,0.1,0.0,1.1,5.6,KOM 390-10
2025-01-18,0.0,0.0,0.0,,KOM 390-10
2025-01-19,0.3,0.6,1.3,1.4,KOM 390-10
2025-01-20,0.1,0.1,0.6,2.1,KOM 390-10
2025-01-21,0.0,0.0,0.0,,KOM 390-10
2025-01-22,0.0,0.1,0.7,2.8,KOM 390-10
2025-01-23,0.8,2.4,5.0,1.5,KOM 390-10
2025-01-24,0.1,0.8,1.5,1.5,KOM 390-10
2025-01-25,0.0,0.0,0.0,,KOM 390-10
2025-01-26,0.0,0.0,0.0,,KOM 390-10
2025-01-27,0.0,0.0,0.0,,KOM 390-10
2025-01-28,0.0,0.0,0.0,,KOM 390-10
2025-01-29,0.0,0.0,0.0,,KOM 390-10
2025-01-30,0.0,0.0,0.0,,KOM 390-10
2025-01-31,0.0,0.0,0.0,,KOM 390-10
2025-02-01,0.3,1.8,2.1,1.0,KOM 390-10
2025-02-02,6.7,1.0,67.0,8.6,KOM 390-10
2025-02-03,11.2,1.6,117.6,9.1,KOM 390-10
2025-02-04,16.3,2.2,171.4,9.2,KOM 390-10
2025-02-05,11.2,1.8,114.9,8.8,KOM 390-10
2025-02-06,6.8,0.7,69.1,9.2,KOM 390-10
2025-02-07,11.4,3.1,114.4,7.8,KOM 390-10
2025-02-08,14.5,2.5,150.5,8.8,KOM 390-10
2025-02-09,9.2,1.3,89.8,8.5,KOM 390-10
2025-02-10,7.8,0.9,80.8,9.2,KOM 390-10
2025-02-11,8.1,1.2,77.6,8.2,KOM 390-10
2025-02-12,8.9,0.8,94.6,9.6,KOM 390-10
2025-02-13,10.0,1.0,105.2,9.5,KOM 390-10
2025-02-14,7.4,1.0,76.8,9.0,KOM 390-10
2025-02-15,15.3,2.1,157.4,9.0,KOM 390-10
2025-02-16,6.4,0.9,65.5,8.9,KOM 390-10
2025-02-17,10.3,1.2,104.2,8.9,KOM 390-10
2025-02-18,6.2,0.6,64.3,9.2,KOM 390-10
2025-02-19,8.2,0.9,85.7,9.3,KOM 390-10
2025-02-20,12.9,1.3,124.5,8.7,KOM 390-10
2025-02-21,15.1,2.3,151.1,8.7,KOM 390-10
2025-02-22,11.0,1.3,113.1,9.1,KOM 390-10
2025-02-23,12.5,1.5,126.6,9.0,KOM 390-10
2025-02-24,13.3,1.3,134.8,9.2,KOM 390-10
2025-02-25,11.7,1.7,117.4,8.7,KOM 390-10
2025-02-26,17.4,3.1,166.2,8.1,KOM 390-10
2025-02-27,11.6,2.6,113.2,8.0,KOM 390-10
2025-02-28,15.2,2.9,157.2,8.7,KOM 390-10
2025-03-01,9.1,2.8,92.0,7.7,KOM 390-10
2025-03-02,7.6,1.5,72.6,7.8,KOM 390-10
2025-03-03,7.1,1.3,71.3,8.3,KOM 390-10
2025-03-04,5.5,0.7,54.2,8.6,KOM 390-10
2025-03-05,7.4,2.4,73.7,7.5,KOM 390-10
2025-03-06,11.2,2.1,113.1,8.5,KOM 390-10
2025-03-07,9.0,2.2,86.1,7.6,KOM 390-10
2025-03-08,7.8,1.2,77.8,8.5,KOM 390-10
2025-03-09,6.0,2.3,57.6,6.8,KOM 390-10
2025-03-10,8.1,2.0,74.5,7.3,KOM 390-10
2025-03-11,7.8,1.4,71.1,7.6,KOM 390-10
2025-03-12,7.3,1.3,65.6,7.6,KOM 390-10
2025-03-13,0.0,0.2,0.4,1.5,KOM 390-10
2025-03-14,5.4,2.6,57.6,7.2,KOM 390-10
2025-03-15,8.8,1.7,91.0,8.6,KOM 390-10
2025-03-16,10.4,2.2,104.9,8.2,KOM 390-10
2025-03-17,6.3,2.2,60.7,7.1,KOM 390-10
2025-03-18,6.8,2.6,60.8,6.4,KOM 390-10
2025-03-19,6.5,1.8,59.4,7.0,KOM 390-10
2025-03-20,6.3,2.6,56.6,6.3,KOM 390-10
2025-03-21,4.8,0.8,43.7,7.6,KOM 390-10
2025-03-22,5.3,1.4,48.8,7.2,KOM 390-10
2025-03-23,5.6,1.4,49.4,6.9,KOM 390-10
2025-03-24,3.1,1.3,34.0,7.5,KOM 390-10
2025-03-25,2.8,2.3,28.2,5.4,KOM 390-10
2025-03-26,6.8,1.5,66.4,7.9,KOM 390-10
2025-03-27,5.0,2.8,49.7,6.3,KOM 390-10
2025-03-28,4.3,1.9,42.3,6.7,KOM 390-10
2025-03-29,6.8,2.7,65.5,6.8,KOM 390-10
2025-03-30,9.3,3.5,89.8,6.9,KOM 390-10
2025-03-31,0.6,0.2,5.1,5.7,KOM 390-10
2025-04-01,6.2,3.2,65.6,6.9,KOM 390-10
2025-04-02,2.9,1.0,28.9,7.2,KOM 390-10
2025-04-03,0.0,0.0,0.0,,KOM 390-10
2025-04-04,8.2,2.0,83.6,8.1,KOM 390-10
2025-04-05,12.9,4.9,132.4,7.4,KOM 390-10
2025-04-06,9.3,2.4,99.1,8.4,KOM 390-10
2025-04-07,6.1,1.6,64.0,8.2,KOM 390-10
2025-04-08,,,,,KOM 390-10
2025-04-09,6.3,1.2,68.7,9.1,KOM 390-10
2025-04-10,2.7,0.9,28.3,7.8,KOM 390-10
2025-04-11,4.7,2.8,49.5,6.6,KOM 390-10
2025-04-12,7.4,2.5,79.3,7.9,KOM 390-10
2025-04-13,9.5,2.7,100.8,8.2,KOM 390-10
2025-04-14,8.1,3.5,81.1,7.0,KOM 390-10
2025-04-15,13.4,4.4,128.8,7.2,KOM 390-10
2025-04-16,13.2,4.8,128.0,7.1,KOM 390-10
2025-04-17,6.3,0.9,51.8,7.1,KOM 390-10
2025-04-18,6.3,1.5,63.0,8.0,KOM 390-10
2025-04-19,7.4,3.6,72.8,6.6,KOM 390-10
2025-04-20,8.4,3.7,86.1,7.1,KOM 390-10
2025-04-21,6.8,2.9,69.5,7.2,KOM 390-10
2025-04-22,9.9,3.1,99.0,7.6,KOM 390-10
2025-04-23,10.5,3.6,109.7,7.7,KOM 390-10
2025-04-24,10.7,3.4,108.4,7.6,KOM 390-10
2025-04-25,12.3,4.8,128.9,7.5,KOM 390-10
2025-04-26,4.6,1.2,44.4,7.6,KOM 390-10
2025-04-27,5.5,0.6,55.8,9.0,KOM 390-10
2025-04-28,0.0,0.0,0.0,0.0,KOM 390-10
2025-04-29,0.8,0.1,8.0,8.3,KOM 390-10
2025-04-30,7.3,3.1,70.6,6.7,KOM 390-10
2025-05-01,11.7,2.7,117.2,8.1,KOM 390-10
2025-05-02,7.1,1.4,71.7,8.3,KOM 390-10
2025-05-03,3.7,1.7,37.2,6.7,KOM 390-10
2025-05-04,6.0,3.0,59.8,6.6,KOM 390-10
2025-05-05,8.9,4.8,92.2,6.7,KOM 390-10
2025-05-06,11.3,3.5,116.7,7.8,KOM 390-10
2025-05-07,6.2,1.3,63.5,8.3,KOM 390-10
2025-05-08,5.1,1.3,52.3,8.1,KOM 390-10
2025-05-09,5.5,3.0,56.5,6.6,KOM 390-10
2025-05-10,9.7,4.1,99.0,7.1,KOM 390-10
2025-05-11,8.0,2.1,84.7,8.3,KOM 390-10
2025-05-12,7.6,1.7,73.5,7.7,KOM 390-10
2025-05-13,3.0,0.3,29.0,8.5,KOM 390-10
2025-05-14,2.2,0.4,15.2,5.6,KOM 390-10
2025-05-15,0.1,0.2,1.0,2.5,KOM 390-10
2025-05-16,0.7,2.0,5.0,1.8,KOM 390-10
2025-05-17,0.0,0.1,0.4,2.1,KOM 390-10
2025-05-18,0.0,0.0,0.1,1.3,KOM 390-10
2025-05-19,2.8,0.8,26.3,7.1,KOM 390-10
2025-05-20,5.4,2.1,53.4,7.1,KOM 390-10
2025-05-21,7.4,1.3,78.2,8.9,KOM 390-10
2025-05-22,0.9,0.3,4.5,3.8,KOM 390-10
2025-05-23,1.1,0.6,10.7,5.7,KOM 390-10
2025-05-24,4.0,1.3,39.8,7.4,KOM 390-10
2025-05-25,10.4,1.9,99.4,8.1,KOM 390-10
2025-05-26,5.5,0.5,55.7,9.1,KOM 390-10
2025-05-27,3.9,1.4,36.9,6.8,KOM 390-10
2025-05-28,13.3,1.9,132.5,8.6,KOM 390-10
2025-05-29,15.0,3.5,148.3,8.0,KOM 390-10
2025-05-30,11.8,3.0,117.2,7.9,KOM 390-10
2025-05-31,9.6,3.0,91.4,7.2,KOM 390-10
